OBJECTID,plotname,Shape_Length,Shape_Area,Longdd,Latdd
1,FWS 50_1_22_na,20065.365705861052000,3870128.316325214700000,-86.002206535592350,50.166753894199786
2,FWS 50_1_23_na,58630.734793302705000,11600444.331467612000000,-85.735835094359416,50.166669849511671
3,FWS 50_1_24_na,58630.730988230542000,11600440.166228099000000,-85.334164770436161,50.166669845627887
4,FWS 51_1_1_na,59516.680755149275000,11777633.002459083000000,-79.405359413249712,46.666669844478754
5,FWS 51_1_2_na,59516.680554949562000,11777631.858250638000000,-79.782739657750142,46.666669848020327
6,FWS 51_1_3_na,59518.149957235000000,11777921.665886045000000,-80.160124746599024,46.666669846913109
7,FWS 51_1_4_na,59513.438538038885000,11776981.999905460000000,-80.537499429432174,46.666669847704085
8,FWS 51_1_5_na,59518.149840144193000,11777926.872141929000000,-80.914874078879279,46.666669847690436
9,FWS 51_1_6_na,59516.677504827370000,11777630.445036577000000,-81.292259213069897,46.666669848074790
10,FWS 51_1_7_na,59516.681423709953000,11777633.857225768000000,-81.669639606848861,46.666669847907066
11,FWS 51_1_8_na,59518.153642918522000,11777925.690091958000000,-82.047024752427660,46.666669847581502
12,FWS 51_1_9_na,59516.681157006991000,11777632.319569604000000,-82.424409890313569,46.666669847806688
13,FWS 51_1_10_na,59516.680957242395000,11777632.070832243000000,-82.801790264991141,46.666669847948974
14,FWS 51_1_11_na,59514.914027537096000,11777277.800807837000000,-83.179164904717197,46.666669847788569
15,FWS 51_1_12_na,59516.680522257855000,11777630.969907859000000,-83.556539556365877,46.666669847989127
16,FWS 51_1_13_na,59518.152520570409000,11777927.872716501000000,-83.933924691558204,46.666669847794573
17,FWS 51_1_14_na,59516.677603810713000,11777630.336742854000000,-84.311309678593815,46.666669843949705
18,FWS 51_2_1_na,59792.260209338157000,11832747.601347351000000,-79.725639495443545,47.333330153732014
19,FWS 51_2_2_na,59792.257287238601000,11832745.281273413000000,-80.110259976921569,47.333330156433384
20,FWS 51_2_3_na,59790.515537217230000,11832397.183270022000000,-80.494874954835367,47.333330156844148
21,FWS 51_2_4_na,59792.257175383224000,11832745.664510556000000,-80.879489893290824,47.333330156991373
22,FWS 51_2_5_na,60933.350104587596000,12060963.666213959000000,-81.267859461575483,47.333330157208948
23,FWS 51_2_6_na,58649.426210747719000,11604180.830961363000000,-81.652474427238687,47.333330156635476
24,FWS 51_2_7_na,59789.067884715201000,11832107.717851553000000,-82.033329994705056,47.333330156671082
25,FWS 51_2_8_na,59792.260776906420000,11832746.698057799000000,-82.417940164706309,47.333330156898278
26,FWS 51_2_9_na,59791.970309506672000,11832687.786613479000000,-82.802559874601215,47.333330156865159
27,FWS 51_2_10_na,59790.808967051707000,11832456.032032348000000,-83.187174821898509,47.333330156983713
28,FWS 51_2_11_na,59791.969869978195000,11832688.577322582000000,-83.571789757960559,47.333330156744907
29,FWS 51_2_12_na,59792.259855530268000,11832746.436284183000000,-83.956409476591844,47.333330156906598
30,FWS 51_2_13_na,59790.515598992613000,11832397.626042882000000,-84.341024261286137,47.333330152971001
31,FWS 51_3_1_na,58754.749662369046000,11625244.316407677000000,-79.708335078498237,48.000001906308320
32,FWS 51_3_2_na,58754.746731857660000,11625244.118830644000000,-80.091664300430963,48.000001909566087
33,FWS 51_3_3_na,58756.463255272189000,11625588.966909055000000,-80.474999423122640,48.000001910363252
34,FWS 51_3_4_na,58754.746660331235000,11625245.996528981000000,-80.858334538711503,48.000001910355024
35,FWS 51_3_5_na,58754.746530683136000,11625246.303910965000000,-81.241663935256682,48.000001910280766
36,FWS 51_3_6_na,58756.467109018296000,11625590.549464606000000,-81.624999068880200,48.000001910013630
37,FWS 51_3_7_na,58754.750448098377000,11625242.245740984000000,-82.008334192671384,48.000001910037724
38,FWS 51_3_8_na,58755.036332131014000,11625302.348161545000000,-82.391664529197598,48.000001909938703
39,FWS 51_3_9_na,58756.180552343867000,11625529.652181137000000,-82.774999641816621,48.000001910111870
40,FWS 51_3_10_na,58755.035931862010000,11625303.492251905000000,-83.158334753685338,48.000001909929821
41,FWS 51_3_11_na,58754.749586058642000,11625244.788611310000000,-83.541665100560195,48.000001909894813
42,FWS 51_3_12_na,58756.179835862255000,11625531.096847307000000,-83.924999260369404,48.000001910061506
43,FWS 51_3_13_na,58755.032810406861000,11625302.138023153000000,-84.308334216776828,48.000001906305030
44,FWS 51_4_1_na,59308.738214813573000,11736041.965333506000000,-79.713059585817021,48.666669844914104
45,FWS 51_4_2_na,59799.811470692337000,11834255.685420197000000,-80.107499096828619,48.666669848210937
46,FWS 51_4_3_na,59555.682807020799000,11785431.330406841000000,-80.502774232546173,48.666669848897520
47,FWS 51_4_4_na,59555.964686605788000,11785487.570784424000000,-80.897224431921515,48.666669848830495
48,FWS 51_4_5_na,59552.863664274271000,11784867.355462167000000,-81.291665074544269,48.666669849041213
49,FWS 51_4_6_na,59555.686683894266000,11785432.933984898000000,-81.686104793399139,48.666669848722812
50,FWS 51_4_7_na,59555.686600865767000,11785432.743039446000000,-82.080554038102122,48.666669848814337
51,FWS 51_4_8_na,59554.558758609659000,11785206.200747767000000,-82.474999451280496,48.666669849052475
52,FWS 51_4_9_na,59555.686148695364000,11785432.808690358000000,-82.869444868422136,48.666669848724695
53,FWS 51_4_10_na,59555.685925462858000,11785432.044078451000000,-83.263894106837554,48.666669848722698
54,FWS 51_4_11_na,59552.866620756235000,11784868.487226631000000,-83.658333794340024,48.666669848989606
55,FWS 51_4_12_na,59555.967298851574000,11785489.190134587000000,-84.052774446016372,48.666669849019151
56,FWS 51_4_13_na,59555.682859399763000,11785428.982693398000000,-84.447224582569731,48.666669848072111
57,FWS 51_4_14_na,59552.863729049728000,11784867.458023837000000,-84.841664178146146,48.666669845427187
58,FWS 51_5_1_na,59562.260226437502000,11786748.161372392000000,-79.749474700457455,49.166669845460390
59,FWS 51_5_2_na,59565.044827528269000,11787300.303155134000000,-80.148434594884591,49.166669848588974
60,FWS 51_5_3_na,59562.257244854685000,11786744.399986900000000,-80.547394754818697,49.166669849100685
61,FWS 51_5_4_na,59563.650923999463000,11787024.487414241000000,-80.946350098209095,49.166669849310431
62,FWS 51_5_5_na,59565.044604878472000,11787303.453279411000000,-81.345314971970268,49.166669849329409
63,FWS 51_5_6_na,59562.261026386244000,11786748.471539719000000,-81.744275115702052,49.166669849044730
64,FWS 51_5_7_na,59561.982157414059000,11786690.624695348000000,-82.143224741102316,49.166669849293307
65,FWS 51_5_8_na,59565.048248155232000,11787305.949096045000000,-82.542183894964666,49.166669849252060
66,FWS 51_5_9_na,59562.260467368433000,11786746.147824200000000,-82.941143999220074,49.166669849040211
67,FWS 51_5_10_na,59563.654049140445000,11787023.509719508000000,-83.340099360445819,49.166669849146132
68,FWS 51_5_11_na,59562.260065099086000,11786747.203814458000000,-83.739054702320459,49.166669849025112
69,FWS 51_5_12_na,59565.044838329421000,11787300.892193764000000,-84.138014829025721,49.166669848641526
70,FWS 51_5_13_na,59562.257238507962000,11786747.369296107000000,-84.536974911134479,49.166669849463823
71,FWS 51_5_14_na,59565.044683646367000,11787301.844919901000000,-84.935935010587130,49.166669849258597
72,FWS 51_5_15_na,59562.256913902216000,11786744.503611878000000,-85.334894992076087,49.166669845333573
73,FWS 51_6_1_na,58981.883216973896000,11670673.399202051000000,-79.717177670446674,49.833330356801312
74,FWS 51_6_2_na,58984.900318731401000,11671272.003728889000000,-80.118225072841398,49.833330157850213
75,FWS 51_6_3_na,58981.880207158480000,11670670.481250215000000,-80.519265172817441,49.833330158662150
76,FWS 51_6_4_na,58984.625601556370000,11671219.350293741000000,-80.920304298836527,49.833330158337453
77,FWS 51_6_5_na,58983.527364047470000,11671001.123241464000000,-81.321349143610846,49.833330158574121
78,FWS 51_6_6_na,58984.904031317266000,11671276.088897020000000,-81.722394958262541,49.833330158468861
79,FWS 51_6_7_na,58981.883929262556000,11670671.112057002000000,-82.123435047921703,49.833330158188382
80,FWS 51_6_8_na,58984.903738653287000,11671275.039485902000000,-82.524475126640411,49.833330158251250
81,FWS 51_6_9_na,58981.883530336912000,11670672.388366820000000,-82.925515203366047,49.833330158300278
82,FWS 51_6_10_na,58984.628771843207000,11671221.140337810000000,-83.326554311561750,49.833330158290117
83,FWS 51_6_11_na,58983.530285694767000,11671002.201338103000000,-83.727599170164694,49.833330158096082
84,FWS 51_6_12_na,58984.900415196811000,11671272.268593110000000,-84.128644976487109,49.833330157292401
85,FWS 51_6_13_na,58981.880181351335000,11670671.959225902000000,-84.529685031574445,49.833330158438791
86,FWS 51_6_14_na,58984.900150129906000,11671275.817707142000000,-84.930725089218285,49.833330158549380
87,FWS 51_6_15_na,58981.879904117915000,11670671.387444967000000,-85.331765022437779,49.833330154451467
88,FWS 52_2_1_na,59439.331781094414000,11762161.632078189000000,-76.214689263681791,44.916749955860965
89,FWS 52_2_2_na,58626.099087075680000,11599515.388914615000000,-76.575549122320936,44.916755677855456
90,FWS 52_2_3_na,59170.584082973364000,11708412.341302080000000,-76.935569769110487,44.916761399904097
91,FWS 52_2_4_na,61298.167262540148000,12133929.588508844000000,-77.303935075503276,44.916761400098601
92,FWS 52_2_5_na,60753.980926232776000,12025093.135802357000000,-77.677245160355568,44.916761400049026
93,FWS 52_2_6_na,57839.743686760565000,11442241.709653324000000,-78.039754876144343,44.916761399199522
94,FWS 52_2_7_na,59955.107840980323000,11865317.471699992000000,-78.399769817874443,44.916761399524383
95,FWS 52_2_8_na,59969.155167051918000,11868126.841567677000000,-78.766434684054346,44.916761399797103
96,FWS 52_2_9_na,57825.695724492070000,11439433.229983773000000,-79.126449601156821,44.916761399438784
97,FWS 52_2_10_na,60768.333038128876000,12027961.864997547000000,-79.488960283089611,44.916761399488365
98,FWS 52_2_11_na,50532.154141719846000,9842050.327369408700000,-79.826682970728172,44.916757182183630
99,FWS 52_3_1_na,60920.444222507191000,12058384.312134197000000,-76.554700025978718,45.433351515089328
100,FWS 52_3_2_na,60413.719682690004000,11957039.233346038000000,-76.929719921714067,45.433351518621890
101,FWS 52_3_3_na,60665.419408351809000,12007378.788302360000000,-77.303935073640929,45.433355333353425
102,FWS 52_3_4_na,59334.696451752185000,11741234.542791072000000,-77.674744628385042,45.433359147888758
103,FWS 52_3_5_na,61205.678838880296000,12115426.867290460000000,-78.047259339137767,45.433359147874739
104,FWS 52_3_6_na,60918.927637605055000,12058080.702305283000000,-78.424774203691015,45.433359147570826
105,FWS 52_3_7_na,58827.971542871033000,11639888.589993605000000,-78.794784563036416,45.433359147563380
106,FWS 52_3_8_na,60920.431117222783000,12058380.204354821000000,-79.164799708478682,45.433364869841441
107,FWS 52_3_9_na,59352.214257393607000,11744737.083938083000000,-79.536469479491132,45.433364869692234
108,FWS 52_3_10_na,60665.418403453543000,12007377.725426208000000,-79.907334380518208,45.433355332353905
109,FWS 52_3_11_na,55982.613417751287000,11047648.728576584000000,-80.267168676233283,45.433376395911893
110,FWS 52_4_1_na,58654.966458206509000,11605289.631500525000000,-77.899754669033570,46.000059126485965
111,FWS 52_4_2_na,61287.045520794025000,12131705.530132895000000,-78.274769794067211,46.000059129986333
112,FWS 52_4_3_na,58654.970788032566000,11605288.569017259000000,-78.649785069259096,46.000055314921077
113,FWS 52_4_4_na,61285.263080337143000,12131347.821500480000000,-79.024794593901433,46.000051500455328
114,FWS 52_4_5_na,59971.910837609394000,11868676.860810041000000,-79.404009846130648,46.000051500347467
115,FWS 52_4_6_na,59970.118851708263000,11868320.116666507000000,-79.779025099853229,46.000051500362162
116,FWS 52_4_7_na,61269.731278410894000,12128236.126921685000000,-80.158184967743182,46.000051499938479
117,FWS 52_4_8_na,59970.122991590382000,11868316.641101509000000,-80.537344936766090,46.000045778450819
118,FWS 52_4_9_na,59971.623026799665000,11868620.210083455000000,-80.912359244119344,46.000040056250370
119,FWS 52_4_10_na,61269.745501581601000,12128244.088979021000000,-81.291523802802132,46.000040052871448
120,FWS 53_1_1_na,60310.003835129748000,11936294.596268406000000,-76.058030135516290,44.633356088958138
121,FWS 53_2_1_na,61296.658370494304000,12133627.845291058000000,-75.495458744268930,44.916746137790092
122,FWS 53_2_2_na,57298.930062210318000,11334078.293344725000000,-75.857974028539644,44.916746140261296
123,FWS 53_3_1_na,60979.664231127666000,12070228.283064073000000,-74.512139453313821,45.183349607678373
124,FWS 53_3_2_na,58307.837455933950000,11535863.718713198000000,-74.878809005507435,45.183355332857921
125,FWS 53_3_3_na,60971.764731131610000,12068650.952749843000000,-75.245453736993497,45.183351515035476
126,FWS 53_4_1_na,61982.249766176486000,12270744.540722212000000,-74.341269635708073,45.433345792808929
127,FWS 53_4_2_na,59350.417680613762000,11744377.328012604000000,-74.716284773755888,45.433351518284724
128,FWS 53_4_3_na,61459.201161241530000,12166134.223006791000000,-75.089649100996212,45.433351515057105
129,FWS 53_4_4_na,61997.649110915940000,12273825.187873987000000,-76.124689104847192,45.433351511392296
130,FWS 54_2_1_na,60580.468557992033000,11990388.981853189000000,-81.773234476987000,42.516746518007217
131,FWS 54_2_2_na,60026.099328316646000,11879512.915960666000000,-82.124895117162581,42.516746521038073
132,FWS 54_2_3_na,48473.593217046189000,9551866.683058317800000,-82.440248045001084,42.516779068614170
133,FWS 54_3_1_na,58335.680565846487000,11541431.986228690000000,-80.395690059429128,42.783349987967746
134,FWS 54_3_2_na,60275.075149148099000,11929309.690465298000000,-80.743194580928645,42.783349991582064
135,FWS 54_3_3_na,59441.589045564077000,11762611.532422652000000,-81.094009397194426,42.783346176641508
136,FWS 54_3_4_na,59458.161103400627000,11765928.255834172000000,-81.442379006396862,42.783342361923538
137,FWS 54_3_5_na,59724.206571680508000,11819137.643207436000000,-81.791594517677694,42.783342361868925
138,FWS 54_3_6_na,59733.771347044611000,11821048.019661807000000,-82.141634866442601,42.783336636449384
139,FWS 54_4_1_na,59967.261936081712000,11867747.663196994000000,-79.489804380270655,43.066759106936225
140,FWS 54_4_2_na,59403.888881288687000,11755068.655752910000000,-79.841519400678820,43.066755294348376
141,FWS 54_4_3_na,59402.305896999365000,11754750.504746877000000,-80.191534010126134,43.066751479825761
142,FWS 54_4_4_na,59400.721577764089000,11754439.060675664000000,-80.541539192437526,43.066751480376460
143,FWS 54_4_5_na,59405.791241001672000,11755452.848456604000000,-80.891554845920894,43.066751480691281
144,FWS 54_4_6_na,60780.964272287260000,12030488.253641693000000,-81.245724675105933,43.066751480989453
145,FWS 54_4_7_na,58571.825600805387000,11588662.074803865000000,-81.597384478670790,43.066745758495195
146,FWS 54_4_8_na,61621.616016722117000,12198619.912030397000000,-81.951574239937386,43.066736218787810
147,FWS 54_5_1_na,57348.367990517101000,11343967.689093744000000,-80.829929449597259,43.400049206872126
148,FWS 54_5_2_na,59025.607075566324000,11679416.359209180000000,-81.174869537212231,43.400049210014288
149,FWS 54_5_3_na,61788.274559527039000,12231950.742938347000000,-81.533260262807389,43.400045392603523
150,FWS 54_6_1_na,61463.931369311555000,12167081.774631279000000,-80.466500395450439,43.666746137366502
151,FWS 54_6_2_na,58718.597434555690000,11618014.780291997000000,-80.824859620676961,43.666742325654297
152,FWS 54_6_3_na,61463.935774545069000,12167083.233624782000000,-81.183218958807046,43.666742325925860
153,FWS 54_6_4_na,61460.822138467185000,12166459.777417896000000,-81.549929525265128,43.666730878481694
154,FWS 54_7_3_na,61129.833211856254000,12100262.863537135000000,-80.449849241886170,43.933351514798922
155,FWS 54_7_4_na,60605.282194405845000,11995350.760030225000000,-80.814864159890604,43.933351517895908
156,FWS 54_7_5_na,60311.546034163250000,11936603.218769265000000,-81.177373887154886,43.933351517557384
157,FWS 54_7_6_na,61157.571268968954000,12105810.274098268000000,-81.541574395789695,43.933341977474356
158,FWS 54_8_2_na,64824.973361857476000,12839289.587950490000000,-80.320690290046059,44.250051496915781
159,FWS 54_8_3_na,60214.598822227170000,11917216.075914819000000,-80.698204996196949,44.250051499820344
160,FWS 54_8_4_na,60766.172423470620000,12027530.896970317000000,-81.063214298428605,44.250051499912324
161,FWS 54_8_5_na,59945.323251462076000,11863361.351739928000000,-81.427393807171086,44.250041959495853
162,FWS 54_9_1_na,51323.647153565777000,9787591.030734159100000,-80.034958124316219,44.550117118051617
163,FWS 54_9_2_na,60940.312413574655000,12062357.204250518000000,-80.431545255213990,44.550050737014793
164,FWS 54_9_3_na,57714.187304155792000,11417132.731981920000000,-80.791555410352345,44.550045014554499
165,FWS 54_9_4_na,63620.974673124503000,12598489.718080144000000,-81.159874788913470,44.550039289917862
166,FWS 54_10_1_na,65461.077763369787000,12966510.823818408000000,-81.099889755721890,44.800035471445327
167,FWS 54_11_1_na,60608.799383594713000,11996055.753108215000000,-76.616349328149354,44.383359906974569
168,FWS 54_11_2_na,59797.857120917819000,11833866.081242478000000,-76.980564127992182,44.383356095690708
169,FWS 54_11_3_na,60333.758974201046000,11941046.533427211000000,-77.343929298702946,44.383356095138851
170,FWS 54_11_4_na,58974.253190802621000,11669139.502000568000000,-77.704750092986913,44.383359909489812
171,FWS 54_11_5_na,60605.407491381011000,11995371.286719792000000,-78.066410076463512,44.383359909780026
172,FWS 54_11_6_na,57905.852774075684000,11455466.282356814000000,-78.424769433739456,44.383359909595463
173,FWS 54_11_7_na,60608.802858219700000,11996054.906618044000000,-78.783139241480626,44.383359910011364
174,FWS 54_11_8_na,59522.807020988657000,11778854.513019556000000,-79.146504324674240,44.383359906689954
175,FWS 55_4_2_na,11552.983732440684000,2141302.314299478700000,-75.693450788225107,44.550135983266976
176,FWS 55_5_5_na,16518.158490339625000,3102956.777038384700000,-75.236541219749952,44.850155135638829
177,FWS 56_1_1_na,58119.184626120375000,11498132.159484223000000,-74.191264075803034,45.133340833322045
178,FWS 56_1_2_na,59694.065222686513000,11813108.923865110000000,-73.829594629676166,45.133340836934970
179,FWS 56_1_3_na,59710.178996190582000,11816330.061422298000000,-73.462934522877788,45.133340836816231
180,FWS 56_1_4_na,60507.044112975673000,11975705.161638627000000,-73.093724268295873,45.133340837311586
181,FWS 56_1_5_na,60492.750641527600000,11972845.605939964000000,-72.722059253268867,45.133340837606234
182,FWS 56_1_6_na,60234.324390010166000,11921160.421102051000000,-72.351249692987551,45.133340837543507
183,FWS 56_1_7_na,59710.168262975851000,11816329.266124282000000,-71.982895014709754,45.133346555960777
184,FWS 56_2_1_na,60377.342283013655000,11949763.663300371000000,-73.082919023395860,45.450040815611125
185,FWS 56_2_2_na,60120.891664439347000,11898472.971206313000000,-72.710409165134891,45.450040819116637
186,FWS 56_2_3_na,60122.402038533561000,11898775.304226771000000,-72.338704108319561,45.450040818987532
187,FWS 56_2_4_na,59316.211184121807000,11737538.462846864000000,-71.969539644141577,45.450040818852386
188,FWS 56_2_5_na,60390.024744993527000,11952297.461207014000000,-71.599530191727595,45.450040818588469
189,FWS 56_2_6_na,60105.181236792501000,11895332.303728579000000,-71.227029825442585,45.450046541158493
190,FWS 56_2_7_na,60643.440216384333000,12002982.780485641000000,-70.853729389798090,45.450052259980353
191,FWS 56_3_3_na,58975.334121143263000,11669362.821941974000000,-73.124574569090782,45.733339307994491
192,FWS 56_3_4_na,60297.511893479248000,11933797.599396957000000,-72.753764148626445,45.733335496797210
193,FWS 56_3_5_na,59510.451657068865000,11776385.107602231000000,-72.381254202026199,45.733335496777229
194,FWS 56_3_6_na,59778.005475344456000,11829895.899827698000000,-72.010394098953725,45.733339311447942
195,FWS 56_3_7_na,59241.086922080634000,11722509.507817456000000,-71.640389411595891,45.733339310627855
196,FWS 56_3_8_na,60047.369020903650000,11883769.153286748000000,-71.269529359407926,45.733339311489850
197,FWS 56_3_9_na,60296.009326238775000,11933496.618839998000000,-70.895319126342187,45.733339308101158
198,FWS 56_4_1_na,60383.844393168671000,11951058.351061368000000,-73.435424721260631,46.083341596603660
199,FWS 56_4_2_na,60131.953205198071000,11900685.861202981000000,-73.057919507032366,46.083335878185949
200,FWS 56_4_3_na,60383.854599844140000,11951066.198041566000000,-72.680414196051373,46.083330156809772
201,FWS 56_4_4_na,59866.337963758437000,11847562.472189326000000,-72.303758625150166,46.083335878718401
202,FWS 56_4_5_na,59086.191164871045000,11691532.241115814000000,-71.931254383999757,46.083341600561667
203,FWS 56_4_6_na,60650.945433491906000,12004485.409333428000000,-71.556240081568532,46.083341600013163
204,FWS 56_4_7_na,59866.334315053697000,11847563.732899323000000,-71.178730040589812,46.083341600453224
205,FWS 56_4_8_na,59866.334399939464000,11847563.519353464000000,-70.803730031282910,46.083341600589151
206,FWS 56_4_9_na,60136.715391889142000,11901639.319350004000000,-70.427865186127633,46.083341597170723
207,FWS 56_5_1_na,59823.666126847304000,11839029.174755143000000,-73.187919508604082,46.333335875339770
208,FWS 56_5_2_na,60337.873328605427000,11941869.792781148000000,-72.809564594416287,46.333330157020697
209,FWS 56_5_3_na,58783.399075487519000,11630972.987328108000000,-72.434555055421370,46.333330156534217
210,FWS 56_5_4_na,60849.698036512826000,12044234.788249299000000,-72.057899464935247,46.333335878913516
211,FWS 56_5_5_na,60337.859144008849000,11941862.372848565000000,-71.676244708820860,46.333341599977224
212,FWS 56_5_6_na,58783.395640281095000,11630970.418576822000000,-71.301235246892190,46.333335877707732
213,FWS 56_5_7_na,59560.639762041268000,11786423.731509188000000,-70.928725258660222,46.333330156699567
214,FWS 56_5_8_na,62157.163082116203000,12305728.563114991000000,-70.545365494232371,46.333330153292010
215,FWS 56_6_1_na,59171.142046056149000,11708524.509632017000000,-72.520354151050199,46.650030134959280
216,FWS 56_6_2_na,60961.190289567545000,12066532.289808095000000,-72.139549257434936,46.650030138733534
217,FWS 56_6_3_na,59941.718965041808000,11862638.562464099000000,-71.756249420106258,46.650026324018441
218,FWS 56_6_4_na,60979.755884562728000,12070244.748054992000000,-71.372889572949390,46.650026323348321
219,FWS 56_6_5_na,59941.722422718842000,11862641.161403358000000,-70.989529636429410,46.650026323723026
220,FWS 56_6_6_na,60453.080731687049000,11964911.201853303000000,-70.607875016830661,46.650026320227155
221,FWS 56_7_1_na,60090.835463630116000,11892463.129268289000000,-70.849533921413638,46.950021742504013
222,FWS 56_7_2_na,59308.196690951954000,11735935.605637684000000,-70.468674686794458,46.950025560866202
223,FWS 56_7_3_na,62132.001124963048000,12300694.514619483000000,-70.081164523485938,46.950025557557652
224,FWS 56_8_1_na,58971.511253382625000,11668597.844797283000000,-70.052003754060792,47.233320235245429
225,FWS 56_8_2_na,59718.562269727081000,11818007.392309062000000,-69.671144642470850,47.233320235337054
226,FWS 56_9_1_na,58563.859998739274000,11587068.760662908000000,-69.685339946068197,47.550020213318113
227,FWS 56_10_1_na,59408.877096322030000,11756071.151215455000000,-68.976129692702855,47.883325575735562
228,FWS 56_10_2_na,58402.972492234701000,11554890.193608530000000,-69.359484574221725,47.883321761402904
229,FWS 57_1_1_na,58610.476394260273000,11596392.181778897000000,-79.710409189609962,50.500089649462090
230,FWS 57_1_2_na,57953.017092358867000,11464898.189579966000000,-80.112749074169685,50.500089648930313
231,FWS 57_1_3_na,59652.346889186811000,11804765.100146268000000,-80.518764484221379,50.500089649832702
232,FWS 57_1_4_na,59086.804745957714000,11691654.765580738000000,-80.928779609935646,50.500089649577248
233,FWS 57_1_5_na,59651.000297707309000,11804494.868231317000000,-81.338789948033764,50.500085835091362
234,FWS 57_1_6_na,59086.826686684464000,11691661.562251018000000,-81.748800311015188,50.500076298617834
235,FWS 57_1_7_na,59368.802302298405000,11748057.000798706000000,-82.157815001381564,50.500064854476335
236,FWS 57_1_8_na,58519.955333283811000,11578288.338480165000000,-82.564829856433320,50.500059132136052
237,FWS 57_1_9_na,67307.215213970878000,13335737.936557667000000,-82.999849336122139,50.500059133852147
238,FWS 57_1_10_na,59935.973791782242000,11861490.388584781000000,-83.439864172989346,50.500059132499210
239,FWS 57_1_11_na,58375.324886597606000,11549361.094566487000000,-83.848369616237051,50.500059132299512
240,FWS 57_1_12_na,58376.678984850339000,11549631.522831101000000,-84.251374258137744,50.500055317286225
241,FWS 57_1_13_na,58660.266390268036000,11606348.382153660000000,-84.655384064774111,50.500051502699421
242,FWS 57_1_14_na,59227.160545878702000,11719725.319411747000000,-85.062394144922749,50.500051502776167
243,FWS 57_1_15_na,57953.067253296176000,11464908.632623229000000,-85.466909250182795,50.500051498510928
244,FWS 57_2_1_na,58789.104326301938000,11632114.387340387000000,-79.709588490318481,51.167101665498365
245,FWS 57_2_2_na,58321.805399173885000,11538652.158954471000000,-80.120244003066873,51.167100910118457
246,FWS 57_2_3_na,59440.827533154268000,11762461.785729501000000,-80.533264165746502,51.167091374398396
247,FWS 57_2_4_na,57765.128369258382000,11427320.827581430000000,-80.944289202488051,51.167076115536737
248,FWS 57_2_5_na,59856.539863044018000,11845604.811741555000000,-81.356803896457450,51.167060856976974
249,FWS 57_2_6_na,57065.018948606557000,11287300.372093800000000,-81.766809481826101,51.167051319541315
250,FWS 57_2_7_na,59298.515479333058000,11733997.425391814000000,-82.174815211488522,51.167051319929669
251,FWS 57_2_8_na,58320.279478934455000,11538350.993161842000000,-82.587319399109347,51.167051319916801
252,FWS 57_2_9_na,58182.432088592701000,11510782.181223553000000,-82.995823883589139,51.167051319821219
253,FWS 57_2_10_na,59438.224752509275000,11761939.768747188000000,-83.408334747633418,51.167051319871142
254,FWS 57_2_11_na,58182.165428049608000,11510728.078370959000000,-83.820844670025807,51.167051319776512
255,FWS 57_2_12_na,58182.428902360043000,11510779.622688491000000,-84.228854189598138,51.167051319605648
256,FWS 57_2_13_na,58741.800886949968000,11622654.191744642000000,-84.638869284673845,51.167051319738540
257,FWS 57_2_14_na,57763.831005234839000,11427061.116420591000000,-85.047384260835216,51.167051319676276
258,FWS 57_2_15_na,58881.510459762743000,11650596.880053207000000,-85.456399759931841,51.167051315974824
259,FWS 57_3_1_na,59201.190838847870000,11714534.005094344000000,-80.955844102086118,51.833330155173215
260,FWS 57_3_2_na,59608.954142286246000,11796086.359562976000000,-81.379339214431823,51.833330159979539
261,FWS 57_3_3_na,59610.267502256451000,11796349.068000894000000,-81.804324166202619,51.833330159814800
262,FWS 57_3_4_na,59613.148201328862000,11796922.877904421000000,-82.229324363876216,51.833330159801442
263,FWS 57_3_5_na,59589.577836751509000,11792211.631331664000000,-82.654249216288591,51.833330159684891
264,FWS 57_3_6_na,58396.666567361077000,11553629.412916569000000,-83.074744239889100,51.833330159403239
265,FWS 57_3_7_na,59613.147509960225000,11796924.814910879000000,-83.495325115642274,51.833330159394819
266,FWS 57_3_8_na,59202.503023585421000,11714795.181646725000000,-83.918840427999214,51.833330159520450
267,FWS 57_3_9_na,58927.777341856454000,11659850.378753979000000,-84.339859947940184,51.833330159248696
268,FWS 57_3_10_na,59613.144483995966000,11796925.086293651000000,-84.762374863817811,51.833330159857560
269,FWS 57_3_11_na,58514.513904501015000,11577197.618328175000000,-85.183384726615799,51.833330155065241
270,FWS 57_4_1_na,59749.244390149724000,11824145.137502160000000,-81.863309127793087,52.500076295343455
271,FWS 57_4_2_na,57586.475603732200000,11391587.371959979000000,-82.288304337555289,52.500070577228414
272,FWS 57_4_3_na,59749.260558797978000,11824147.519479239000000,-82.713299786765006,52.500064855378241
273,FWS 57_4_4_na,57993.074704583123000,11472910.582635779000000,-83.139800100994677,52.500059133244434
274,FWS 57_4_5_na,57589.067305492899000,11392109.595921790000000,-83.558304812994109,52.500059133464525
275,FWS 57_4_6_na,59750.556190543379000,11824407.223005835000000,-83.983314527687000,52.500059133700276
276,FWS 57_4_7_na,59076.521563243667000,11689594.642404357000000,-84.413829760554947,52.500059132616165
277,FWS 57_4_8_na,58265.930828174925000,11527480.506146267000000,-84.838850012357497,52.500059132908007
278,FWS 57_4_9_na,55292.561539474329000,10932806.041402023000000,-85.249864422623546,52.500059128410015
279,FWS 58_5_1_na,59055.625595550409000,11685419.599234086000000,-82.999769201357580,53.071213146413733
280,FWS 58_5_2_na,60207.056938671296000,11915705.698243190000000,-82.999759674748049,53.331719664209153
281,FWS 58_5_3_na,58216.551300313236000,11517607.210045544000000,-82.999759674372285,53.590206087672343
282,FWS 58_5_4_na,58473.124592137166000,11568919.320673287000000,-82.999759673844252,53.844707615206964
283,FWS 58_5_5_na,56253.202400860282000,11124933.010148117000000,-82.999754900752293,54.094701577433270
284,FWS 58_5_6_na,60321.825484864152000,11938660.074226836000000,-82.999750137976847,54.348722178323115
285,FWS 58_5_7_na,59225.838162402484000,11719459.572817452000000,-82.999754911692591,54.609217524970958
286,FWS 58_5_8_na,60151.774099981201000,11904648.971542340000000,-82.999759673831761,54.869223458927785
287,FWS 58_5_9_na,50108.035664155563000,9895903.679520009100000,-82.999759674350315,55.108793028469165
288,FWS 58_6_1_na,59278.516716008824000,11729997.016369119000000,-84.499830246176842,53.062703636901873
289,FWS 58_6_2_na,59087.431639568116000,11691778.841452723000000,-84.499824518574215,53.321208438832201
290,FWS 58_6_3_na,58890.230133383135000,11652338.163538272000000,-84.499818802895831,53.578713756104300
291,FWS 58_6_4_na,60265.572575411323000,11927406.190207098000000,-84.499814028292974,53.838721726966156
292,FWS 58_6_5_na,59620.821508599278000,11798458.323031055000000,-84.499809265802085,54.100218832190144
293,FWS 58_6_6_na,59649.667293322855000,11804229.044819707000000,-84.499809265762408,54.360220135873085
294,FWS 58_6_7_na,58102.911630412898000,11494876.253308801000000,-84.499809265650612,54.616713553371383
295,FWS 58_6_8_na,59030.401461342139000,11680374.202524137000000,-84.499809265972189,54.871724005639273
296,FWS 58_6_9_na,54041.228651027457000,10682539.956475018000000,-84.499809265869857,55.117565444441951
297,FWS 59_1_1_na,58991.477178964575000,11672585.576795552000000,-86.224999772891479,54.533330916559137
298,FWS 59_1_2_na,58564.452968420555000,11587184.628941789000000,-86.673334143866128,54.533330924300024
299,FWS 59_1_3_na,57708.691887305977000,11416033.348493533000000,-87.116669667117336,54.533330923888769
300,FWS 59_1_4_na,58991.475546518304000,11672588.039835686000000,-87.561669364967216,54.533330924431787
301,FWS 59_1_5_na,58563.227653019487000,11586939.168011457000000,-88.009999276258299,54.533330924452230
302,FWS 59_1_6_na,57922.813610760903000,11458852.785650479000000,-88.454164627593030,54.533330925434754
303,FWS 59_1_7_na,57922.813528783772000,11458858.548497926000000,-88.895833976829380,54.533330924052173
304,FWS 59_1_8_na,57494.566006877722000,11373208.603524948000000,-89.335834499626159,54.533330923938642
305,FWS 59_1_9_na,58350.081629264663000,11544311.021885345000000,-89.777499958907171,54.533330919430853
306,FWS 59_2_1_na,58213.562783548943000,11517002.783582022000000,-86.224999776571593,55.050001144186872
307,FWS 59_2_2_na,58213.803733255132000,11517056.638569843000000,-86.674999245655997,55.050001151758167
308,FWS 59_2_3_na,58635.073183311739000,11601308.766973704000000,-87.126664178938569,55.050001151847241
309,FWS 59_2_4_na,57792.291088727819000,11432752.778208513000000,-87.576663990643993,55.050001151844775
310,FWS 59_2_5_na,58213.801929319459000,11517056.551970931000000,-88.024999622581390,55.050001152000924
311,FWS 59_2_6_na,58213.559799794828000,11517005.169706123000000,-88.474999521651455,55.050001152826049
312,FWS 59_2_7_na,58213.801177098496000,11517057.109117977000000,-88.924999233726595,55.050001151734371
313,FWS 59_2_8_na,58213.800998183091000,11517054.785614841000000,-89.374999985000528,55.050001151210836
314,FWS 59_2_9_na,51885.089721321739000,10251312.418444688000000,-89.800000031863533,55.050001145799740
315,FWS 59_3_1_na,57585.716908758382000,11391434.640593011000000,-86.224999780927703,55.466669082588247
316,FWS 59_3_2_na,59671.473856333818000,11808590.240153011000000,-86.683329602368929,55.466669090612477
317,FWS 59_3_3_na,57586.909582767083000,11391677.239834966000000,-87.141664521747458,55.466669090229622
318,FWS 59_3_4_na,58628.594062336080000,11600012.964677719000000,-87.595833789928975,55.466669090480821
319,FWS 59_3_5_na,58628.593396660232000,11600012.868191665000000,-88.054163936326447,55.466669090464123
320,FWS 59_3_6_na,57585.952600610712000,11391485.529482625000000,-88.508329441061363,55.466669090737632
321,FWS 59_3_7_na,58629.786406003172000,11600253.115070602000000,-88.962499615126234,55.466669090301274
322,FWS 59_3_8_na,58628.592422228990000,11600013.402553655000000,-89.420834549475686,55.466669090522750
323,FWS 59_3_9_na,58211.727127512386000,11516641.312453315000000,-89.877499576062988,55.466669090311498
324,FWS 59_3_10_na,56959.941838436273000,11266283.404777886000000,-90.327499411449821,55.466669089985409
325,FWS 59_3_11_na,57585.955371788099000,11391483.771393161000000,-90.774999372159726,55.466669083587668
326,FWS 59_4_1_na,57785.011899283694000,11431297.282353897000000,-87.729170074041178,56.016672137230927
327,FWS 59_4_2_na,57782.658888545382000,11430827.047343077000000,-88.187499999595985,56.016672142307627
328,FWS 59_4_3_na,56757.487481450815000,11225791.498901200000000,-88.641664461427411,56.016672141360964
329,FWS 59_4_4_na,56756.546392310243000,11225604.186759656000000,-89.091669087164988,56.016672142182259
330,FWS 59_4_5_na,58811.122104369584000,11636518.388558717000000,-89.549999247695382,56.016672142686936
331,FWS 59_4_6_na,57785.014223017140000,11431298.624625456000000,-90.012498654032669,56.016672137349254
332,FWS 59_5_1_na,57910.358552880702000,11456366.895812143000000,-88.027079823496322,56.266672137655789
333,FWS 59_5_2_na,58930.896786981095000,11660473.922442099000000,-88.493744921519138,56.266672143863268
334,FWS 59_5_3_na,57400.789085010889000,11354451.426579427000000,-88.958330145466064,56.266672142757074
335,FWS 59_5_4_na,57400.788926691363000,11354453.622138912000000,-89.416669626766875,56.266672137302521
336,FWS 59_6_1_na,57899.507647099257000,11454193.210914247000000,-88.679165070419330,56.600000383780731
337,FWS 59_6_2_na,58910.267510500358000,11656349.283677718000000,-89.149999378840050,56.600000384973242
338,FWS 62_4_1_na,10355.010848807420000,1925416.995124389900000,-67.494434916356539,45.300109647138996
339,FWS 62_5_1_na,17328.834488398643000,3223621.627729468000000,-67.715245717099165,45.633503905544941
340,FWS 62_6_1_na,11307.715160092052000,2112863.496895208500000,-67.814457143728916,45.900102798481136
341,FWS 62_7_1_na,10123.853602577636000,1881905.570022882200000,-67.810958268366250,46.200099738290973
342,FWS 62_8_1_na,11064.297651625142000,2069990.797280764400000,-67.814172290571790,46.500092300838958
343,FWS 62_9_1_na,12064.007747719321000,2269943.235353269100000,-67.817620312581610,46.800095342425088
344,FWS 62_10_1_na,11955.611008779457000,2240984.314580644000000,-67.917373183844077,47.100106686179146
345,FWS 63_1_1_na,60644.908785719163000,12003276.442808306000000,-65.553574700433003,45.450086592056962
346,FWS 63_1_2_na,60644.920416806141000,12003277.758307271000000,-65.928584006755756,45.450077055210961
347,FWS 63_1_3_na,61132.833263687375000,12100864.037294688000000,-66.521675261649975,45.416742323332073
348,FWS 63_1_4_na,61108.954233477016000,12096088.991085755000000,-66.899430297229372,45.416742326858859
349,FWS 63_1_5_na,61137.374150532647000,12101771.302907322000000,-67.277199625714502,45.416736600666205
350,FWS 63_2_1_na,60075.379531688923000,11889371.404084072000000,-64.837719106407178,45.700082777535400
351,FWS 63_2_2_na,60340.117901093625000,11942318.031309720000000,-65.211899778558035,45.700082780651336
352,FWS 63_2_3_na,60995.202444752773000,12073336.170341831000000,-65.588999783247431,45.700082780791270
353,FWS 63_2_4_na,59681.434000809575000,11810582.060795307000000,-65.964009184817186,45.700077055336983
354,FWS 63_2_5_na,60782.771619568804000,12030849.584726878000000,-66.855024488232218,45.700065611307977
355,FWS 63_2_6_na,60759.043921652556000,12026104.248305468000000,-67.232779521686524,45.700056078208540
356,FWS 63_2_7_na,60785.784807848693000,12031453.167144476000000,-67.610544077331653,45.700056074717921
357,FWS 63_3_1_na,59547.249509485897000,11783744.095606823000000,-64.118779301301231,45.983400343437857
358,FWS 63_3_2_na,59574.139181171100000,11789123.583507426000000,-64.491044073642755,45.983400346959286
359,FWS 63_3_3_na,59547.545326701118000,11783804.969790984000000,-64.863309766588159,45.983406065437052
360,FWS 63_3_4_na,60536.953355191610000,11981686.259963807000000,-65.304989958383402,45.900079725754892
361,FWS 63_3_5_na,60513.317353981205000,11976959.633689011000000,-65.682754550458739,45.900075914514943
362,FWS 63_3_6_na,60536.962645924745000,11981688.633795468000000,-66.060519124029966,45.900072096465173
363,FWS 63_3_9_na,59948.154921677175000,11863925.770613208000000,-67.220279841665331,46.016721723803130
364,FWS 63_3_10_na,59951.136701577467000,11864522.846922571000000,-67.595289108693819,46.016721723798042
365,FWS 63_4_1_na,60231.281249828557000,11920549.055676749000000,-64.938964110289845,46.316740032914488
366,FWS 63_4_2_na,60231.281174846095000,11920550.956667306000000,-65.318154360673304,46.316740038537176
367,FWS 63_4_3_na,60226.539540569604000,11919605.125837082000000,-65.697329544078968,46.316736223446313
368,FWS 63_4_4_na,60228.034563845089000,11919902.396646133000000,-66.076494251290441,46.316726686822939
369,FWS 63_4_5_na,60229.821386287149000,11920259.910120748000000,-66.455669422617092,46.316720964946541
370,FWS 63_4_6_na,60231.304531059861000,11920556.699555954000000,-66.834855107410064,46.316720964957767
371,FWS 63_4_7_na,60228.041276978693000,11919904.004539080000000,-67.214035050717925,46.316720964499964
372,FWS 63_4_8_na,60229.528281609884000,11920200.377962444000000,-67.593209149840604,46.316715238956540
373,FWS 63_5_1_na,59856.776784571724000,11845646.505427148000000,-64.938959350597543,46.616731640771988
374,FWS 63_5_2_na,59853.534249787575000,11845004.431299211000000,-65.318129567044295,46.616731646233333
375,FWS 63_5_3_na,59855.015239337605000,11845298.807295043000000,-65.697294253490938,46.616725924016365
376,FWS 63_5_4_na,59858.264667735311000,11845947.170144061000000,-66.076474207256581,46.616720201728420
377,FWS 63_5_5_na,59856.795493770383000,11845653.715422757000000,-66.455659899366040,46.616716387003905
378,FWS 63_5_6_na,59857.979178223017000,11845891.384691570000000,-66.834844612011807,46.616712572285060
379,FWS 63_5_7_na,59856.799974806774000,11845655.153641112000000,-67.214029338897262,46.616712572455100
380,FWS 63_5_8_na,59855.027960803469000,11845301.222506367000000,-67.593204369834112,46.616712569244882
381,FWS 63_6_1_na,59885.061043742608000,11851307.397513710000000,-65.290199433035582,46.900060652503001
382,FWS 63_6_2_na,59762.009921948302000,11826698.314545440000000,-65.671459228867533,46.900054933985245
383,FWS 63_6_3_na,59504.180529221543000,11775132.416209279000000,-66.051479355153035,46.900049211955455
384,FWS 63_6_4_na,59118.304771040552000,11697956.766991122000000,-66.429404290505786,46.900049211827856
385,FWS 63_6_5_na,63730.064555610457000,12620308.044538220000000,-66.821084052989875,46.900045398244522
386,FWS 63_6_6_na,59505.654649043470000,11775426.261869209000000,-67.214024560921104,46.900041582788411
387,FWS 63_6_7_na,59503.888537280771000,11775072.296571428000000,-67.593209147325609,46.900045394032603
388,FWS 63_7_1_na,60119.418735615182000,11898179.626727613000000,-65.458869134850417,47.200052260379451
389,FWS 63_7_2_na,60148.530254635807000,11904001.344023254000000,-65.844624543658355,47.200052264113708
390,FWS 63_7_3_na,60122.329694375549000,11898760.165972833000000,-66.230389613968299,47.200052263884515
391,FWS 63_7_4_na,60149.985631456439000,11904291.349932894000000,-66.616159468048764,47.200052264062606
392,FWS 63_7_5_na,60120.873869438234000,11898470.299268950000000,-67.001924535827484,47.200052263864414
393,FWS 63_7_6_na,60125.528315698066000,11899394.667569179000000,-67.387609445027962,47.200052263280767
394,FWS 63_7_7_na,60122.325993417726000,11898759.115880655000000,-67.773299084303687,47.200052260532964
395,FWS 63_8_1_na,60119.654798753596000,11898224.942606162000000,-65.060094054711016,47.500051497253075
396,FWS 63_8_2_na,60097.094391720522000,11893715.822576638000000,-65.448189763897176,47.500051501320399
397,FWS 63_8_3_na,60121.100836722682000,11898517.720087226000000,-65.836290382942337,47.500051501395674
398,FWS 63_8_4_na,60096.804998383908000,11893656.892104780000000,-66.224390048656872,47.500051501338547
399,FWS 63_8_5_na,60122.546792508248000,11898805.244416460000000,-66.612494495989338,47.500051501293960
400,FWS 63_8_6_na,60095.358586183349000,11893367.540252453000000,-67.000594156401903,47.500051501154985
401,FWS 63_8_7_na,60122.832482496087000,11898857.359089272000000,-67.388694602471631,47.500051496588220
402,FWS 64_1_1_na,61416.063746748558000,12157509.901966816000000,-65.549414658592951,43.700082773432477
403,FWS 64_2_1_na,60378.007390862651000,11949896.588307697000000,-64.847309236118363,44.000082013775895
404,FWS 64_2_2_na,60381.429209941642000,11950578.516076580000000,-65.209818859003661,44.000082016880661
405,FWS 64_2_3_na,60379.873710072570000,11950270.019137274000000,-65.572334321296566,44.000082016897075
406,FWS 64_2_4_na,60379.873654689829000,11950271.002037564000000,-65.934844884902418,44.000082013697686
407,FWS 64_3_1_na,61239.819064480485000,12122258.997936020000000,-64.451049928867846,44.300081251298842
408,FWS 64_3_2_na,61243.224457469674000,12122942.290496949000000,-64.821059236742101,44.300081254523775
409,FWS 64_3_3_na,58946.071406545525000,11663507.977430770000000,-65.183994320995780,44.300081254100149
410,FWS 64_3_4_na,60700.244072266636000,12014343.781469200000000,-65.545254726365883,44.300081254018551
411,FWS 64_3_5_na,60025.545224762842000,11879404.636989892000000,-65.909844318988874,44.300075528649103
412,FWS 64_4_1_na,60878.132234410536000,12049920.926091760000000,-64.251039627111496,44.600072859084911
413,FWS 64_4_2_na,60881.517139254036000,12050600.354947660000000,-64.621048949668719,44.600072862371334
414,FWS 64_4_3_na,60879.980400561450000,12050290.243706238000000,-64.991064090047416,44.600072862406201
415,FWS 64_4_4_na,60881.517026587782000,12050598.483541923000000,-65.361079247197182,44.600072862453182
416,FWS 64_4_5_na,60879.980229308450000,12050292.479453964000000,-65.731094266841808,44.600072859144426
417,FWS 64_5_1_na,61318.582029912999000,12138010.981248353000000,-62.686814441999083,44.900079725145481
418,FWS 64_5_2_na,59986.063567049496000,11871505.252212089000000,-63.057663808056510,44.900079724382060
419,FWS 64_5_3_na,60649.264416447601000,12004147.606672347000000,-63.951444740269572,44.900079725505890
420,FWS 64_5_4_na,60652.319265671293000,12004758.340770088000000,-64.322284700572936,44.900079728707169
421,FWS 64_5_5_na,60653.850681836950000,12005065.826415973000000,-64.693139099970637,44.900079728669873
422,FWS 64_5_6_na,60649.268370849502000,12004150.917816252000000,-65.063983830642755,44.900079725332247
423,FWS 64_6_1_na,60367.122429390693000,11947719.519324956000000,-61.584939142629324,45.200077055164719
424,FWS 64_6_2_na,60394.454589366622000,11953186.631004833000000,-61.956364662750659,45.200071336467161
425,FWS 64_6_3_na,60395.668955248046000,11953428.628633225000000,-62.327879924072896,45.200071336692531
426,FWS 64_6_4_na,60370.461942947055000,11948388.509404734000000,-62.699319869389591,45.200077058673727
427,FWS 64_6_5_na,60394.133362884080000,11953119.928885289000000,-63.070754975194838,45.200082780499955
428,FWS 64_6_6_na,60394.133360807617000,11953122.291623849000000,-63.442264549627950,45.200082780958006
429,FWS 64_6_7_na,60367.111570255496000,11947716.373647079000000,-63.813689119764270,45.200082777499688
430,FWS 64_7_1_na,60453.877440222219000,11965070.171280373000000,-61.436354780638759,45.500070570333150
431,FWS 64_7_2_na,60425.513341083526000,11959399.427381881000000,-61.810454398699356,45.500070573655528
432,FWS 64_7_3_na,60425.513258289851000,11959397.756683379000000,-62.184464482383980,45.500070574004276
433,FWS 64_7_4_na,60452.361522012987000,11964768.461744454000000,-62.558559439694498,45.500076296069636
434,FWS 64_7_5_na,60425.499054889086000,11959395.714939972000000,-62.932654401330424,45.500082017853778
435,FWS 64_7_6_na,60453.859581609118000,11965067.854533534000000,-63.306754114414204,45.500082017859150
436,FWS 64_7_7_na,60427.306000332450000,11959754.713163165000000,-63.680859568024950,45.500082018252762
437,FWS 64_7_8_na,60450.540355503057000,11964402.663473304000000,-64.054954521078869,45.500082017927937
438,FWS 64_7_9_na,60425.502556690968000,11959394.100810811000000,-64.429043655398871,45.500076292527567
439,FWS 64_8_1_na,60974.836540909484000,12069259.934133817000000,-62.838909320945334,45.716741559705014
440,FWS 64_8_2_na,60973.030638642645000,12068902.221796129000000,-63.218084348660653,45.716741564325261
441,FWS 64_8_3_na,60976.330266122161000,12069562.796605492000000,-63.597264277265495,45.716745378658587
442,FWS 64_8_4_na,60974.823486478774000,12069257.035197614000000,-63.976449845840563,45.716749189735445
443,FWS 64_9_1_na,60765.462671616020000,12027387.292262642000000,-60.404814857342977,45.716741560385181
444,FWS 64_9_2_na,60738.427214544965000,12021978.691316491000000,-60.782580398817252,45.716741563790094
445,FWS 64_9_3_na,60765.162194722907000,12027326.716018721000000,-61.160344980426757,45.716741560399164
446,FWS 64_10_1_na,59949.919118574398000,11864278.268921318000000,-60.153394832450203,46.016740797581193
447,FWS 64_10_2_na,59951.117271729971000,11864520.293148229000000,-60.528409985908773,46.016740801268163
448,FWS 64_10_3_na,59949.624666303302000,11864220.884593897000000,-60.903424283847748,46.016740801282950
449,FWS 64_10_4_na,59949.923083595262000,11864281.827678176000000,-61.278434658682926,46.016740797356384
450,FWS 65_1_1_na,61275.690622642782000,12129433.256761616000000,-62.640984559286252,46.000064844863459
451,FWS 65_2_1_na,60795.998900298597000,12033493.644436112000000,-62.274310266443507,46.383382796063515
452,FWS 65_2_2_na,60792.740325170307000,12032843.901197718000000,-62.657659554222576,46.383382799841037
453,FWS 65_2_3_na,60793.031659670567000,12032902.075174430000000,-63.040999410310064,46.383386613778185
454,FWS 65_2_4_na,60794.497380661785000,12033194.835318664000000,-63.424344879793708,46.383396147527478
455,FWS 65_3_1_na,60394.545855029923000,11953205.001788495000000,-64.141029354404537,46.700071330062549
456,FWS 66_1_1_na,59704.013100351352000,11815098.852557138000000,-52.990694201684391,47.249946593519894
457,FWS 66_1_2_na,59704.005828492431000,11815096.546569619000000,-53.374044435974170,47.249952318909244
458,FWS 66_1_3_na,59702.551717322247000,11814806.425087042000000,-53.757389916297917,47.249952315098035
459,FWS 66_2_1_na,58759.390551708515000,11626173.086954875000000,-54.190739791296075,47.999952315621975
460,FWS 66_2_2_na,58757.937493771322000,11625878.549499268000000,-54.574094741112773,47.999967577211279
461,FWS 66_2_3_na,58756.201268574230000,11625536.641395479000000,-54.957439428316903,47.999982836888506
462,FWS 66_2_4_na,58756.487356548445000,11625593.546817308000000,-55.340779300041760,47.999982836800932
463,FWS 66_2_5_na,58760.778742899020000,11626450.880895866000000,-55.724134446604431,47.999982836887888
464,FWS 66_2_6_na,58757.921848875485000,11625879.734385477000000,-56.107494377349425,47.999982836730439
465,FWS 66_2_7_na,58756.491339091488000,11625594.077138513000000,-56.490839989438783,47.999982836830782
466,FWS 66_2_8_na,58759.347438495250000,11626166.071329981000000,-56.874190357126736,47.999986651709264
467,FWS 66_2_9_na,58757.625972674774000,11625822.730761386000000,-57.257544539218983,47.999990466188528
468,FWS 66_2_10_na,58756.481548673692000,11625592.240113918000000,-57.640889194926814,47.999990466252086
469,FWS 66_2_11_na,58757.904770384928000,11625876.368119704000000,-58.024234796745709,47.999996188046552
470,FWS 66_2_12_na,58756.180805828197000,11625531.842263050000000,-58.407579322617082,48.000001906550132
471,FWS 66_3_1_na,58623.010509490719000,11598898.663874066000000,-54.192400141257828,48.499956130269609
472,FWS 66_3_2_na,58620.165196327987000,11598324.221264228000000,-54.579090082217888,48.499965670178362
473,FWS 66_3_3_na,58619.874828870488000,11598268.599261098000000,-54.965769762725522,48.499971392808206
474,FWS 66_3_4_na,58620.157767604236000,11598325.876141403000000,-55.352449430017359,48.499971392976164
475,FWS 66_3_5_na,58620.150510110412000,11598325.208643405000000,-55.739130017538528,48.499977115151040
476,FWS 66_3_6_na,58619.859413455102000,11598267.809672642000000,-56.125809695418383,48.499986651768829
477,FWS 66_3_7_na,58620.137495032650000,11598323.772851234000000,-56.512489351792084,48.499990466665537
478,FWS 66_3_8_na,58620.130178164865000,11598322.091820776000000,-56.899169942747982,48.499996188710782
479,FWS 66_3_9_na,58619.839776624583000,11598263.484204752000000,-57.285849593751458,48.500001910224277
480,FWS 66_3_10_na,58621.537464759713000,11598601.271885268000000,-57.672533888209230,48.500001906814035
481,FWS 66_4_1_na,58257.189578647536000,11525733.637359718000000,-53.777369657265261,49.166625976377325
482,FWS 66_4_2_na,58255.509555877456000,11525397.155772367000000,-54.167384169634936,49.166631701896314
483,FWS 66_4_3_na,58257.182026781644000,11525729.461839132000000,-54.557398796214571,49.166631701231857
484,FWS 66_4_4_na,58255.779699915591000,11525453.257134642000000,-54.947414395736196,49.166635516886814
485,FWS 66_4_5_na,58255.495989026669000,11525396.520440312000000,-55.337424276126185,49.166639331381894
486,FWS 66_4_6_na,58255.767405437124000,11525447.546749240000000,-55.727434158591429,49.166645053435779
487,FWS 66_4_7_na,58257.157764080657000,11525726.763719862000000,-56.117449802778118,49.166650775522378
488,FWS 66_4_8_na,58257.150490442255000,11525725.099250805000000,-56.507470155896854,49.166656497558300
489,FWS 66_4_9_na,58255.470422940685000,11525388.928077597000000,-56.897484808917284,49.166662219577510
490,FWS 66_4_10_na,58257.130786061651000,11525722.031208819000000,-57.287499317653449,49.166671752825877
491,FWS 66_5_1_na,58360.929556867188000,11546483.314068982000000,-57.742831501775612,49.881351510751038
492,FWS 66_5_2_na,58326.699800978946000,11539636.093669949000000,-57.563655603076661,50.110512488948267
493,FWS 66_5_3_na,58296.200045471705000,11533534.846230684000000,-57.384470099287441,50.339683092096386
494,FWS 66_5_4_na,58258.352624290892000,11525964.257505409000000,-57.205284651365723,50.568857429891423
495,FWS 66_6_1_na,60553.204560369457000,11984936.724194232000000,-56.111549589926831,51.166702271427852
496,FWS 66_6_2_na,58694.913977311953000,11613278.483307445000000,-56.529888963065758,51.166702271283640
497,FWS 66_7_1_na,59160.656232676520000,11706425.186031872000000,-56.457374651528426,51.333375925955650
498,FWS 66_8_1_na,58969.809374851655000,11668256.296559222000000,-54.424090537634918,47.833280562655702
499,FWS 66_8_2_na,58969.798544196958000,11668253.285268907000000,-54.807450294759164,47.833286288421377
500,FWS 66_8_3_na,58966.627913153192000,11667621.876083719000000,-55.190799715246293,47.833295824929188
501,FWS 66_8_4_na,58968.338758503894000,11667962.792904265000000,-55.574144363470275,47.833305361718452
502,FWS 66_8_5_na,58968.331437999412000,11667962.054289928000000,-55.957494739169981,47.833311083938177
503,FWS 66_8_6_na,58966.612615389793000,11667618.662485456000000,-56.340839406369440,47.833311083869887
504,FWS 66_8_7_na,58968.335501201909000,11667959.041401837000000,-56.724184042535533,47.833311083366802
505,FWS 66_8_8_na,58968.328234401066000,11667960.102536222000000,-57.107534453609460,47.833316805572167
506,FWS 66_8_9_na,58968.320894184348000,11667960.606964383000000,-57.490884802403087,47.833322527965052
507,FWS 66_8_10_na,58968.320809291225000,11667959.429076515000000,-57.874235055549399,47.833322524144414
508,FWS 66_9_1_na,58940.356250351768000,11662366.491733877000000,-54.192404910080391,48.249961852375122
509,FWS 66_9_2_na,58938.910387249402000,11662075.089058151000000,-54.579090083469900,48.249977114083599
510,FWS 66_9_3_na,58938.618465390500000,11662018.543846497000000,-54.965769762432046,48.249982836852269
511,FWS 66_9_4_na,58938.902995963675000,11662074.784977043000000,-55.352449425644991,48.249982836895192
512,FWS 66_9_5_na,58938.903008358728000,11662075.179181922000000,-55.739130015825154,48.249982837101541
513,FWS 66_9_6_na,58938.617677514492000,11662018.025825338000000,-56.125809694004005,48.249986651730516
514,FWS 66_9_7_na,58940.319909103317000,11662359.070069127000000,-56.512494114441651,48.249990466413195
515,FWS 66_9_8_na,58937.467387278870000,11661788.696823021000000,-56.899174717531530,48.249996188377914
516,FWS 66_9_9_na,58940.305208383179000,11662356.902658520000000,-57.285855314515125,48.250001910418590
517,FWS 66_9_10_na,58940.020664479147000,11662297.112026896000000,-57.672544368783441,48.250001906742277
518,FWS 66_10_1_na,58287.411561194502000,11531777.947365237000000,-54.192560352373867,48.799955367459567
519,FWS 66_10_2_na,58310.724111191048000,11536437.387188349000000,-54.579659419924802,48.799964907050622
520,FWS 66_10_3_na,58287.388359631914000,11531771.666212797000000,-54.966758732402113,48.799970629974574
521,FWS 66_10_4_na,58287.388358813354000,11531773.673199009000000,-55.353778836643343,48.799970630104518
522,FWS 66_10_5_na,58287.381065279093000,11531771.334529009000000,-55.740798949327576,48.799976352217435
523,FWS 66_10_6_na,58285.972357032617000,11531489.914673746000000,-56.127814325608924,48.799982074398230
524,FWS 66_10_7_na,58285.967549368128000,11531491.091445541000000,-56.514824892821629,48.799985888821354
525,FWS 66_10_8_na,58309.283713410492000,11536153.434890240000000,-56.901914622340882,48.799995425521921
526,FWS 66_10_9_na,58287.353238900912000,11531766.229430329000000,-57.289008983549436,48.800001143824488
527,FWS 67_1_1_na,58464.715286410654000,11567238.260014761000000,-56.009010502879093,52.166715622679817
528,FWS 67_1_2_na,58460.558886821993000,11566403.030686777000000,-56.429035219921559,52.166715627072819
529,FWS 67_1_3_na,58460.553455146008000,11566406.640695982000000,-56.849044832336823,52.166719441763341
530,FWS 67_1_4_na,58460.553427171588000,11566403.909013936000000,-57.269054438537189,52.166719441920939
531,FWS 67_1_5_na,58462.111979136651000,11566717.374486864000000,-57.689069771249173,52.166719441894763
532,FWS 67_1_6_na,58460.553246404379000,11566407.332488962000000,-58.109085109320390,52.166719441784586
533,FWS 67_1_7_na,58461.852054334246000,11566661.167543663000000,-58.529099536594984,52.166719440984735
534,FWS 67_1_8_na,58460.541560639082000,11566404.386923658000000,-58.949113845789896,52.166725164157768
535,FWS 67_1_9_na,58462.092164975904000,11566713.985222496000000,-59.369129191889670,52.166730886151974
536,FWS 67_1_10_na,58460.525551327395000,11566399.417460194000000,-59.789144341805716,52.166736604026596
537,FWS 67_2_1_na,58645.085154363594000,11603311.271767413000000,-57.429874453672696,52.833379751437050
538,FWS 67_2_2_na,58644.062925920334000,11603108.372669416000000,-57.858219170472637,52.833379751199629
539,FWS 67_2_3_na,58645.332400264531000,11603360.270208137000000,-58.286564863014753,52.833385473289660
540,FWS 67_2_4_na,58645.060441727583000,11603309.219996801000000,-58.714914344913716,52.833396917204070
541,FWS 67_2_5_na,58644.026463689559000,11603102.326511960000000,-59.143259042724374,52.833402639698988
542,FWS 67_2_6_na,58645.304153722209000,11603355.847526662000000,-59.571604732890691,52.833402639595505
543,FWS 67_2_7_na,58643.770860578355000,11603049.026183132000000,-59.999949455883772,52.833402639652959
544,FWS 67_2_8_na,58645.308164769864000,11603357.086333321000000,-60.428294212022180,52.833402639410160
545,FWS 67_2_9_na,58647.863493641846000,11603866.915629957000000,-60.856654194952696,52.833402639389277
546,FWS 67_2_10_na,58645.308042595811000,11603358.162028922000000,-61.285013995413287,52.833402634707262
547,FWS 67_2_11_na,58579.678172057422000,11590231.477597142000000,-56.146249969122827,52.833372117475889
548,FWS 67_2_12_na,58554.124243508108000,11585120.373119060000000,-56.574014697035580,52.833372121750784
549,FWS 67_2_13_na,58578.394957555727000,11589973.070066556000000,-57.001774818369583,52.833375936589213
550,FWS 67_3_1_na,58350.206154950785000,11544332.832991134000000,-56.382319776136463,53.500040053362788
551,FWS 67_3_2_na,58350.197857447863000,11544335.154689495000000,-56.815659547675381,53.500045782604637
552,FWS 67_3_3_na,58354.210246988056000,11545136.368833715000000,-57.249014891849704,53.500051504756478
553,FWS 67_3_4_na,58350.183866141517000,11544331.690213425000000,-57.682370213568234,53.500055319382618
554,FWS 67_3_5_na,58350.178249995450000,11544328.132545879000000,-58.115710286300725,53.500059134058439
555,FWS 67_3_6_na,58351.434726785294000,11544580.058792390000000,-58.549055179671711,53.500059132789708
556,FWS 67_3_7_na,58351.422816850441000,11544580.311667409000000,-58.982404707339896,53.500064856222615
557,FWS 67_3_8_na,58350.149773534693000,11544323.957918989000000,-59.415749543990650,53.500076300027473
558,FWS 67_3_9_na,58902.482238565295000,11489467.884807602000000,-59.848516201052725,53.500153298938748
559,FWS 67_3_10_na,58352.909735674853000,11544877.144805694000000,-60.282449569644797,53.500082017549197
560,FWS 67_4_1_na,59122.327341440905000,11698761.358339688000000,-58.723379365980129,54.333402635549717
561,FWS 67_4_2_na,59100.184907281175000,11694333.170714717000000,-59.171974183808437,54.333402641025543
562,FWS 67_4_3_na,59121.088132214165000,11698513.526966166000000,-59.620564458796515,54.333406455413034
563,FWS 67_4_4_na,59101.403367577514000,11694573.872083867000000,-60.069159507557558,54.333410270300107
564,FWS 67_4_5_na,59122.307799152302000,11698756.840693407000000,-60.517759352084475,54.333415992146541
565,FWS 67_4_6_na,59122.053156635622000,11698702.424612651000000,-60.966439269354758,54.333421713995222
566,FWS 67_4_7_na,59122.299058157383000,11698755.297662282000000,-61.415119208267647,54.333421713941334
567,FWS 67_4_8_na,59105.364078790757000,11695370.703119010000000,-61.863734288915836,54.333396918722400
568,FWS 67_4_9_na,59122.373240519773000,11698771.315327903000000,-62.312349350706491,54.333372123471875
569,FWS 67_4_10_na,59122.127145899343000,11698723.562961027000000,-62.761029262797223,54.333372123131880
570,FWS 67_4_11_na,59100.476658077278000,11694390.901565270000000,-63.209624294227844,54.333372123219618
571,FWS 67_4_12_na,59118.428067772817000,11697978.912785394000000,-63.658204817941701,54.333375933078258
572,FWS 67_5_1_na,59295.662609989005000,11733428.429164669000000,-62.200044850759312,53.000082017392174
573,FWS 67_5_2_na,59294.384566316927000,11733172.156579537000000,-62.635048895475897,53.000085836793737
574,FWS 67_5_3_na,59295.902364832997000,11733474.153386436000000,-63.070054021834508,53.000089651089240
575,FWS 67_5_4_na,59289.036939053025000,11732102.652805014000000,-63.505039211878618,53.000085837243638
576,FWS 67_5_5_na,59295.913386339234000,11733478.500463855000000,-63.940024377716561,53.000082022426135
577,FWS 67_5_6_na,59295.653335862895000,11733426.686964434000000,-64.375034324424362,53.000085836764960
578,FWS 67_5_7_na,59295.906274125140000,11733477.608730901000000,-64.810044321853624,53.000089651497824
579,FWS 67_5_8_na,59297.178636063290000,11733728.561537690000000,-65.245059987247302,53.000089651430521
580,FWS 67_5_9_na,59301.001312032313000,11734498.106108354000000,-65.680094764321424,53.000085836620812
581,FWS 67_5_10_na,59298.470231483014000,11733990.541600319000000,-66.115134077315247,53.000076295395139
582,FWS 67_6_1_na,59232.938996838013000,11720884.509239079000000,-62.219179375126167,53.500091554585353
583,FWS 67_6_2_na,59228.931976605840000,11720081.529703606000000,-62.659204498461996,53.500082022454599
584,FWS 67_6_3_na,59227.671930941062000,11719825.849916834000000,-63.099209744302136,53.500082021264333
585,FWS 67_6_4_na,59227.420598823774000,11719778.409685591000000,-63.539209369415005,53.500082022737566
586,FWS 67_6_5_na,59227.671869624864000,11719829.927892899000000,-63.979208945220499,53.500082022633336
587,FWS 67_6_6_na,59228.928292495366000,11720080.990358159000000,-64.419214247727282,53.500082022606456
588,FWS 67_6_7_na,59228.932341581167000,11720082.361843258000000,-64.859224347403227,53.500082022853853
589,FWS 67_6_8_na,59227.675809185501000,11719831.259460790000000,-65.299229640103860,53.500082022495995
590,FWS 67_6_9_na,59234.217913438981000,11721137.840926854000000,-65.739254978553518,53.500076300427928
591,FWS 67_6_10_na,59230.197012349541000,11720333.515164191000000,-66.179289650605000,53.500076295657244
592,FWS 67_7_1_na,59121.075559079160000,11698510.242609991000000,-62.263394555359099,52.500076295161200
593,FWS 67_7_2_na,59110.245564577446000,11696343.890806289000000,-62.691704781659574,52.500082021407600
594,FWS 67_7_3_na,59119.517718637086000,11698192.692388745000000,-63.120009377227781,52.500082020726637
595,FWS 67_7_4_na,59119.775316885156000,11698249.505997283000000,-63.548349384751020,52.500082021834800
596,FWS 67_7_5_na,59122.351902805036000,11698763.627579017000000,-63.976699826912849,52.500082021808531
597,FWS 67_7_6_na,59121.058149740864000,11698505.133108994000000,-64.405055043878534,52.500085836471108
598,FWS 67_7_7_na,59118.222454440373000,11697939.639908072000000,-64.833395029883789,52.500089650946784
599,FWS 67_7_8_na,59121.056698290340000,11698501.026917769000000,-65.261734980033822,52.500089650603222
600,FWS 67_7_9_na,59127.769406258165000,11699850.177997807000000,-65.690110259956981,52.500080113731030
601,FWS 67_7_10_na,59120.817897009809000,11698459.285179472000000,-66.118484337368074,52.500076295285851
602,FWS 67_8_1_na,58872.146389776870000,11648725.126948066000000,-58.224339716907245,54.500001909423922
603,FWS 67_8_2_na,58850.592891604261000,11644412.623584053000000,-58.672934570692604,54.500001914042905
604,FWS 67_8_3_na,58870.918072136104000,11648478.419430280000000,-59.121524820622355,54.500001914720059
605,FWS 67_8_4_na,58851.813914717306000,11644658.101443630000000,-59.570119863775787,54.500001914610856
606,FWS 67_8_5_na,58872.142685473264000,11648724.041435027000000,-60.018719676548898,54.500001914394289
607,FWS 67_8_6_na,58872.391618458809000,11648774.686397593000000,-60.467399628427685,54.500001914539844
608,FWS 67_8_7_na,58872.146703529630000,11648725.325118816000000,-60.916079552402437,54.500001914430634
609,FWS 67_8_8_na,58855.736596025956000,11645442.266720911000000,-61.364694622971257,54.500001914405573
610,FWS 67_8_9_na,58872.146528410893000,11648724.959008640000000,-61.813309702233049,54.500001914198705
611,FWS 67_8_10_na,58872.391304060016000,11648771.680652106000000,-62.261989418531769,54.500001909531768
612,FWS 68_1_1_na,60379.835393383430000,11950263.275628880000000,-78.742289431820254,46.500059126543590
613,FWS 68_1_2_na,60393.723986835801000,11953039.786922701000000,-78.360624341557127,46.500059130411152
614,FWS 68_1_3_na,60395.201676294964000,11953334.836576711000000,-77.978909513564318,46.500059130171110
615,FWS 68_1_4_na,60381.306153973746000,11950557.043207901000000,-77.597234745043735,46.500064852311681
616,FWS 68_1_5_na,60393.710008110174000,11953037.951075550000000,-77.215564749412351,46.500070574447768
617,FWS 68_1_6_na,60393.713207712455000,11953037.663037704000000,-76.833854676204638,46.500064852511599
618,FWS 68_1_7_na,60379.831891813112000,11950262.228792457000000,-76.452189441160087,46.500059130325120
619,FWS 68_1_8_na,60395.197908020367000,11953333.906312406000000,-76.070519459667480,46.500059130329717
620,FWS 68_1_9_na,60393.723497069972000,11953038.809568435000000,-75.688804660302253,46.500059129672081
621,FWS 68_1_10_na,60379.835180518094000,11950262.299644625000000,-75.307139555440202,46.500059126414193
622,FWS 68_2_1_na,60308.423409701412000,11935979.863253254000000,-79.239819404737062,47.166772841410882
623,FWS 68_2_2_na,60320.367913455630000,11938369.570449688000000,-78.853158977796895,47.166772845220436
624,FWS 68_2_3_na,60327.937730326332000,11939883.029240191000000,-78.466434494856713,47.166776659953712
625,FWS 68_2_4_na,60308.122906420685000,11935920.793292619000000,-78.079750094807252,47.166780474550421
626,FWS 68_2_5_na,60323.568106179657000,11939004.186316367000000,-77.693079986259335,47.166776659453980
627,FWS 68_2_6_na,60321.825032642715000,11938660.309153995000000,-77.306365028709934,47.166772844577224
628,FWS 68_2_7_na,60308.420099162082000,11935976.493810721000000,-76.919699661722646,47.166772845144877
629,FWS 68_2_8_na,60323.277702964231000,11938951.193039203000000,-76.533029554957110,47.166772845127007
630,FWS 68_2_9_na,60323.576380969593000,11939009.930127012000000,-76.146309851802926,47.166767122923751
631,FWS 68_2_10_na,60306.689833692064000,11935632.680249030000000,-75.759644651885338,47.166761397214543
632,FWS 68_3_1_na,59729.750350870403000,11820245.460688388000000,-79.322324646164859,47.833379744488511
633,FWS 68_3_2_na,59717.977669579072000,11817890.378742913000000,-78.933955213117486,47.833379748168817
634,FWS 68_3_3_na,59717.977827284594000,11817889.698718816000000,-78.545624757262530,47.833379748391309
635,FWS 68_3_4_na,59730.037950951031000,11820304.967287818000000,-78.157254237796721,47.833379748504015
636,FWS 68_3_5_na,59714.819581459356000,11817257.725266708000000,-77.768894230372482,47.833379748363647
637,FWS 68_3_6_na,59716.255339275260000,11817545.583702685000000,-77.380579964328078,47.833379748337954
638,FWS 68_3_7_na,59731.469911851236000,11820588.695080422000000,-76.992210393079816,47.833379748295506
639,FWS 68_3_8_na,59716.538564084891000,11817603.786610257000000,-76.603839867142980,47.833379748486465
640,FWS 68_3_9_na,59717.974290462196000,11817890.048616663000000,-76.215514192981644,47.833379748569016
641,FWS 68_3_10_na,59731.470038027968000,11820588.463273611000000,-75.827139011888903,47.833379744070704
642,FWS 68_4_1_na,59619.679403792463000,11798231.588369740000000,-79.319819341918787,48.500089644793945
643,FWS 68_4_2_na,59603.551322642401000,11795007.669525715000000,-78.926454564136534,48.500089648467032
644,FWS 68_4_3_na,59604.966256731110000,11795289.325206365000000,-78.533139252168155,48.500089648842774
645,FWS 68_4_4_na,59621.094657024943000,11798516.030466691000000,-78.139764814615262,48.500089648837722
646,FWS 68_4_5_na,59603.551814687809000,11795002.397316596000000,-77.746395153085516,48.500089648364735
647,FWS 68_4_6_na,59604.966588266841000,11795288.288714614000000,-77.353079807496727,48.500089648579248
648,FWS 68_4_7_na,59618.266315314817000,11797948.677252734000000,-76.959714892887916,48.500085834149601
649,FWS 68_4_8_na,59603.557853760794000,11795006.614224797000000,-76.566354749687193,48.500082019253469
650,FWS 68_4_9_na,59604.972608088035000,11795290.316233125000000,-76.173039430615233,48.500082019387818
651,FWS 68_4_10_na,59624.223882915452000,11799139.919338906000000,-75.779654658162713,48.500076293125261
652,FWS 68_5_1_na,59483.227312511910000,11770942.362181818000000,-79.317294941577188,49.166780471649950
653,FWS 68_5_2_na,59469.839832776517000,11768264.106937587000000,-78.918930077941368,49.166786197770051
654,FWS 68_5_3_na,59467.044919840795000,11767704.058889830000000,-78.520620379192422,49.166791919568901
655,FWS 68_5_4_na,59484.606497786313000,11771216.688488640000000,-78.122260116611130,49.166791919286197
656,FWS 68_5_5_na,59468.438980026011000,11767979.775833171000000,-77.723895097461565,49.166791919301822
657,FWS 68_5_6_na,59470.119114518871000,11768319.650928637000000,-77.325579661896271,49.166786197439443
658,FWS 68_5_7_na,59484.617792382371000,11771218.871000936000000,-76.927208899555481,49.166780475335969
659,FWS 68_5_8_na,59468.450097064037000,11767983.451054422000000,-76.528843877337238,49.166780475574896
660,FWS 68_5_9_na,59469.843934951270000,11768264.884656586000000,-76.130529394499760,49.166780475547284
661,FWS 68_5_10_na,59483.227217991604000,11770941.007634947000000,-75.732164569798641,49.166780471381017
662,FWS 68_6_1_na,59800.795975220266000,11834454.495813292000000,-79.313081594749164,49.833379949038950
663,FWS 68_6_2_na,59798.050658408050000,11833908.065136902000000,-78.906379721222109,49.833379749577091
664,FWS 68_6_3_na,59783.766684386486000,11831048.695827508000000,-78.499729184601691,49.833385471859273
665,FWS 68_6_4_na,59796.388261914923000,11833574.902423501000000,-78.093084364169897,49.833391193733661
666,FWS 68_6_5_na,59799.408444345856000,11834177.246817196000000,-77.686385183093662,49.833391193826976
667,FWS 68_6_6_na,59785.132012655493000,11831323.383615559000000,-77.279725101704685,49.833391193957873
668,FWS 68_6_7_na,59801.051830428172000,11834506.520888561000000,-76.873059267213293,49.833391193948515
669,FWS 68_6_8_na,59800.785115019746000,11834452.514855109000000,-76.466339115747942,49.833385471795701
670,FWS 68_6_9_na,59786.516250344328000,11831596.908757247000000,-76.059669498759362,49.833379749587088
671,FWS 68_6_10_na,59799.423168221787000,11834177.969661389000000,-75.653004847360492,49.833379744568497
672,FWS 68_7_1_na,58186.860616073558000,11511667.500486601000000,-79.307244321790506,50.500089649281293
673,FWS 68_7_2_na,59368.768237584532000,11748049.906183358000000,-78.901404407566389,50.500089649612946
674,FWS 68_7_3_na,59368.768426456721000,11748049.781808890000000,-78.491395011204546,50.500089649987437
675,FWS 68_7_4_na,59366.065190393121000,11747509.030422619000000,-78.081395179228892,50.500089650152098
676,FWS 68_7_5_na,59369.039036762653000,11748104.108502511000000,-77.671394373908271,50.500089649887137
677,FWS 68_7_6_na,59365.795092465742000,11747455.838555798000000,-77.261394535356445,50.500089649623717
678,FWS 68_7_7_na,59370.386786140101000,11748370.936357861000000,-76.851389888508564,50.500089649682231
679,FWS 68_7_8_na,59368.764817919313000,11748048.664385125000000,-76.441374777613504,50.500089649719591
680,FWS 68_7_9_na,59369.035150541691000,11748102.840568312000000,-76.031364440811856,50.500089650020215
681,FWS 68_7_10_na,59370.124943613533000,11748318.885884315000000,-75.621349547080200,50.500085830136207
682,FWS 68_8_1_na,57339.994556831807000,11342297.508162921000000,-79.302422200792904,51.166792657324493
683,FWS 68_8_2_na,59160.759445897107000,11706449.124449695000000,-78.893899941438903,51.166791920511216
684,FWS 68_8_3_na,59159.429067175690000,11706182.518676579000000,-78.478884729661587,51.166791920410397
685,FWS 68_8_4_na,59159.429240895290000,11706177.261388844000000,-78.063874268331730,51.166791920261090
686,FWS 68_8_5_na,59157.832646567986000,11705862.299450334000000,-77.648869536766611,51.166791920598094
687,FWS 68_8_6_na,59158.098838031641000,11705916.191451395000000,-77.233869578211966,51.166791920547801
688,FWS 68_8_7_na,59157.828692750416000,11705859.932044884000000,-76.818869603644586,51.166791920741083
689,FWS 68_8_8_na,59158.094900571530000,11705914.323130773000000,-76.403869622953735,51.166791920431073
690,FWS 68_8_9_na,59159.425508730114000,11706181.659363020000000,-75.988863942216682,51.166791920885558
691,FWS 68_8_10_na,59160.759296005817000,11706443.531665988000000,-75.573848956593110,51.166791915469616
692,FWS 68_9_1_na,60398.748568541654000,11954044.361851966000000,-75.554624443726638,47.500064848766272
693,FWS 68_9_2_na,60398.466839011926000,11953988.962303445000000,-75.164614694915002,47.500059130515403
694,FWS 68_9_3_na,60397.310020295983000,11953755.838756545000000,-74.774609587189389,47.500059130803258
695,FWS 68_9_4_na,60399.913260272529000,11954277.750839351000000,-74.384599706761179,47.500059131039393
696,FWS 68_9_5_na,60398.756468081534000,11954047.104514359000000,-73.994585070246956,47.500059130772279
697,FWS 68_9_6_na,60397.026118214679000,11953699.923768587000000,-73.604579957937972,47.500055315755112
698,FWS 68_9_7_na,60401.666153740975000,11954627.715747813000000,-73.214565292761620,47.500045779259871
699,FWS 68_9_8_na,60397.335828048468000,11953760.833121395000000,-72.824549672768185,47.500036242833538
700,FWS 68_9_9_na,60398.497702597204000,11953994.992341692000000,-72.434544572186510,47.500032427894695
701,FWS 68_9_10_na,60397.340803452935000,11953762.361724006000000,-72.044539583400265,47.500032424248140
702,FWS 68_10_1_na,59288.379576630075000,11731972.298425863000000,-75.255454906675595,48.166776656222801
703,FWS 68_10_2_na,59303.492179577166000,11734993.226121485000000,-74.867095018960114,48.166772845340205
704,FWS 68_10_3_na,59288.392125627426000,11731974.474927619000000,-74.478734983492558,48.166767123437424
705,FWS 68_10_4_na,59288.684561203707000,11732032.798424032000000,-74.090424575723404,48.166761401342455
706,FWS 68_10_5_na,59301.796910176970000,11734653.492233802000000,-73.702069306883786,48.166761401079583
707,FWS 68_10_6_na,59285.556621176103000,11731407.121828824000000,-73.313724537457333,48.166755679100014
708,FWS 68_10_7_na,59289.835619931247000,11732261.636600113000000,-72.925419819537012,48.166749957152163
709,FWS 68_10_8_na,59300.672367056934000,11734428.354009535000000,-72.537064547329294,48.166746142421708
710,FWS 68_10_9_na,59289.845454057395000,11732264.081091264000000,-72.148709299108589,48.166742327980408
711,FWS 68_10_10_na,59287.002356098528000,11731695.501002081000000,-71.760399946117175,48.166736602399190
712,FWS 68_11_1_na,59677.346715812026000,11809764.118271660000000,-75.301283712796135,48.833375930135482
713,FWS 68_11_2_na,59658.253785873661000,11805946.926127786000000,-74.904599206541462,48.833372119626745
714,FWS 68_11_3_na,59672.858351960560000,11808866.617549356000000,-74.507929837282347,48.833372119517875
715,FWS 68_11_4_na,59671.735043956076000,11808641.824475549000000,-74.111214666746349,48.833372119305686
716,FWS 68_11_5_na,59653.768089679914000,11805046.406555876000000,-73.714564337725605,48.833366397345110
717,FWS 68_11_6_na,59670.065127088543000,11808309.281493904000000,-73.317919755195064,48.833360675818042
718,FWS 68_11_7_na,59673.150484501122000,11808925.814017761000000,-72.921209340611597,48.833360675678641
719,FWS 68_11_8_na,59656.861019769109000,11805668.385979921000000,-72.524543758843123,48.833360675733587
720,FWS 68_11_9_na,59671.465486478512000,11808588.196604999000000,-72.127883909883735,48.833360675554658
721,FWS 68_11_10_na,59671.465463194720000,11808588.692372497000000,-71.731174599220353,48.833360671761213
722,FWS 68_12_1_na,59759.109119511522000,11826117.450665956000000,-75.231279248019078,49.500076293745806
723,FWS 68_12_2_na,59756.350373862297000,11825566.191130029000000,-74.827949554827654,49.500070575723136
724,FWS 68_12_3_na,59770.736398142362000,11828443.793054232000000,-74.424579640308707,49.500070575908822
725,FWS 68_12_4_na,59756.350600892612000,11825566.505416624000000,-74.021209749272685,49.500070575748268
726,FWS 68_12_5_na,59754.967442539317000,11825290.429110620000000,-73.617894196350633,49.500070575887158
727,FWS 68_12_6_na,59769.361153516940000,11828168.650232313000000,-73.214533830173622,49.500064854254305
728,FWS 68_12_7_na,59753.311297616827000,11824958.463932183000000,-72.811179169260228,49.500064854005053
729,FWS 68_12_8_na,59754.963584694051000,11825285.862778708000000,-72.407874110544967,49.500070575983457
730,FWS 68_12_9_na,59769.357226215085000,11828166.588381505000000,-72.004513735729532,49.500064853645732
731,FWS 68_12_10_na,59753.319020527575000,11824957.462107114000000,-71.601159206497655,49.500059126995737
732,FWS 68_13_1_na,59337.581381422664000,11741811.085964855000000,-75.179630145633539,50.166776657363670
733,FWS 68_13_2_na,59352.026115992157000,11744701.618584817000000,-74.772959740013832,50.166772846607451
734,FWS 68_13_3_na,59351.753800729333000,11744645.018995214000000,-74.366239576936181,50.166772846650709
735,FWS 68_13_4_na,59337.586949729157000,11741812.268800667000000,-73.959569954215496,50.166772846671407
736,FWS 68_13_5_na,59349.024513619137000,11744099.137739526000000,-73.552909884859858,50.166776661335312
737,FWS 68_13_6_na,59349.019424548729000,11744102.120817207000000,-73.146209743027072,50.166780475903352
738,FWS 68_13_7_na,59336.210602234780000,11741536.036647493000000,-72.739554407616751,50.166780476141369
739,FWS 68_13_8_na,59351.739871877144000,11744643.980181322000000,-72.332889556298937,50.166780476068141
740,FWS 68_13_9_na,59350.382831462062000,11744372.567836987000000,-71.926175127496478,50.166776661400817
741,FWS 68_13_10_na,59334.869718172071000,11741267.766030673000000,-71.519519972416276,50.166767120180502
742,FWS 68_14_1_na,59393.465656954824000,11752989.690246357000000,-75.159634441600460,50.833379746171019
743,FWS 68_14_2_na,59381.132607305699000,11750522.234425798000000,-74.746270218792674,50.833375935635779
744,FWS 68_14_3_na,59379.796868894911000,11750253.497126641000000,-74.332954442035799,50.833372120533276
745,FWS 68_14_4_na,59395.085872142052000,11753312.197639182000000,-73.919589056610533,50.833372120704681
746,FWS 68_14_5_na,59379.515954941744000,11750196.468708593000000,-73.506224670284965,50.833381657211469
747,FWS 68_14_6_na,59381.104324584288000,11750515.782074129000000,-73.092909839769831,50.833396915970681
748,FWS 68_14_7_na,59393.699037820523000,11753033.578780526000000,-72.679544448508437,50.833402638229607
749,FWS 68_14_8_na,59381.100359570810000,11750513.809970275000000,-72.266179086081038,50.833396916263119
750,FWS 68_14_9_na,59379.498817992702000,11750194.129558826000000,-71.852864257395424,50.833391194450279
751,FWS 68_14_10_na,59393.718141386293000,11753039.880316446000000,-71.439504831891924,50.833391189373074
752,FWS 69_3_1_na,59789.803685168947000,11832257.707999211000000,-70.616649476385547,52.500001908773953
753,FWS 69_3_2_na,59789.803820599656000,11832255.890511267000000,-70.183349644886604,52.500001913422921
754,FWS 69_3_3_na,59803.202164720060000,11834936.489646658000000,-69.750000027041537,52.500001912993746
755,FWS 69_3_4_na,59789.804091304992000,11832255.987630885000000,-69.316650415722819,52.500001913207917
756,FWS 69_3_5_na,59789.804083335315000,11832256.900495328000000,-68.883350398683646,52.500001913496305
757,FWS 69_3_6_na,59803.455896504369000,11834986.935268130000000,-68.449999808026860,52.500001913359739
758,FWS 69_3_7_na,59789.800094003716000,11832253.260773096000000,-68.016649243674891,52.500001913532017
759,FWS 69_3_8_na,59789.800085973497000,11832256.052454669000000,-67.583349235354746,52.500001913491772
760,FWS 69_3_9_na,59803.201799780065000,11834936.515888466000000,-67.149999662848515,52.500001912724684
761,FWS 69_3_10_na,59789.803685968982000,11832256.738149388000000,-66.716650231537628,52.500001908804855
762,FWS 69_4_1_na,59308.535718586390000,11736000.597418401000000,-71.116649466280194,52.833330155778953
763,FWS 69_4_2_na,59308.535926841781000,11736003.539299760000000,-70.683349625417435,52.833330160432595
764,FWS 69_4_3_na,59321.824059902116000,11738660.495683225000000,-70.250000032008984,52.833330160580815
765,FWS 69_4_4_na,59308.536121912555000,11736003.041854117000000,-69.816650418136291,52.833330160473281
766,FWS 69_4_5_na,59308.536249433702000,11736000.869808802000000,-69.383350401964734,52.833330160636756
767,FWS 69_4_6_na,59322.079899187775000,11738711.640614785000000,-68.949999843769618,52.833330160476329
768,FWS 69_4_7_na,59308.532272716460000,11736000.595698301000000,-68.516649255444236,52.833330160338370
769,FWS 69_4_8_na,59308.532315327524000,11736001.002736870000000,-68.083349224138871,52.833330160412686
770,FWS 69_4_9_na,59321.820398329852000,11738660.987727314000000,-67.649999806948699,52.833330155974153
771,FWS 69_4_10_na,58826.872847287239000,11639669.882728776000000,-67.216650030748610,53.166700360140084
772,FWS 69_5_1_na,58960.147379331633000,11666323.717451921000000,-71.779149817804765,53.833299638872113
773,FWS 69_5_2_na,58947.193664516679000,11663730.445382481000000,-71.337499688170425,53.833299642296240
774,FWS 69_5_3_na,58960.150810835534000,11666325.310028063000000,-70.895849254211285,53.833299643240935
775,FWS 69_5_4_na,58960.150999256774000,11666326.314427780000000,-70.454149278399271,53.833299643338400
776,FWS 69_5_5_na,58946.944845683523000,11663684.350758504000000,-70.012499839622464,53.833299643348965
777,FWS 69_5_6_na,58960.151251646661000,11666325.797879254000000,-69.570850397196352,53.833299643373444
778,FWS 69_5_7_na,58960.151348377047000,11666326.414875356000000,-69.129150416310239,53.833299643709225
779,FWS 69_5_8_na,58947.190172420262000,11663735.706647079000000,-68.687500001356355,53.833299643489077
780,FWS 69_5_9_na,58960.147349088846000,11666324.389714403000000,-68.245849614358221,53.833299643425470
781,FWS 69_5_10_na,58960.147349338426000,11666325.042275503000000,-67.804149818873029,53.833299638831612
782,FWS 69_6_1_na,60059.878318718998000,11886271.743364178000000,-75.000000000539671,51.465141375348502
783,FWS 69_6_2_na,60073.096497820428000,11888915.379241886000000,-75.000000000538805,51.728493702660060
784,FWS 69_6_3_na,60106.975131943793000,11895691.106234943000000,-75.000000000247823,51.991794644251932
785,FWS 69_6_4_na,60164.115861562372000,11907119.252461098000000,-75.000000000177607,52.255145304955413
786,FWS 69_6_5_na,60174.547759954497000,11909206.085220050000000,-75.000000000389079,52.518495755881446
787,FWS 69_6_6_na,60208.212764052056000,11915939.086509608000000,-75.000000000342084,52.781796738910941
788,FWS 69_6_7_na,60262.590164823901000,11926814.113696471000000,-75.000000000386478,53.045149344026719
789,FWS 69_6_8_na,60271.006774861620000,11928497.435712261000000,-75.000000000169607,53.308499828742924
790,FWS 69_6_9_na,60302.667140853977000,11934829.509069461000000,-75.000000000107065,53.571800853688515
791,FWS 69_6_10_na,60354.186269192804000,11945133.335021023000000,-75.000000000128310,53.835151586980409
792,FWS 69_7_1_na,60059.874289880121000,11886270.397623589000000,-76.000000000348365,51.465141398403226
793,FWS 69_7_2_na,60073.092488305614000,11888914.037405750000000,-76.000000000548425,51.728493715208927
794,FWS 69_7_3_na,60106.971080505318000,11895687.918052334000000,-76.000000000620631,51.991794660453088
795,FWS 69_7_4_na,60164.111912388129000,11907117.491134925000000,-76.000000000680586,52.255145329473244
796,FWS 69_7_5_na,60174.543734559033000,11909204.287670864000000,-76.000000000574872,52.518495766824600
797,FWS 69_7_6_na,60208.208726542463000,11915935.445109887000000,-76.000000000375181,52.781796756790918
798,FWS 69_7_7_na,60262.586167055546000,11926811.909559539000000,-76.000000000582062,53.045149366940578
799,FWS 69_7_8_na,60271.002801104667000,11928495.236298043000000,-76.000000000639105,53.308499841208985
800,FWS 69_7_9_na,60302.663145003513000,11934825.893712450000000,-76.000000000659838,53.571800871338567
801,FWS 69_7_10_na,60354.182256376640000,11945131.560398974000000,-76.000000000755634,53.835151611525440
802,FWS 69_8_10_na,60502.922178237030000,11974876.655088950000000,-77.000000000055735,53.368000942239661
803,FWS 69_8_9_na,60044.991398534243000,11883286.313080117000000,-76.999999999028077,53.104648216602804
804,FWS 69_8_8_na,60215.598125030541000,11917408.047238251000000,-76.999999998972072,52.841798345009472
805,FWS 69_8_7_na,60182.935707425328000,11910876.982426809000000,-76.999999998993815,52.578495457789735
806,FWS 69_8_6_na,58873.513364763079000,11657626.863783481000000,-77.166768712356642,52.418588620133988
807,FWS 69_8_5_na,56756.009682445430000,11225498.228194006000000,-77.581699368817112,52.416700366971988
808,FWS 69_8_4_na,58371.086342105176000,11557117.223806890000000,-77.945588764788965,52.448452193213853
809,FWS 69_8_3_na,60216.348769135446000,11917564.772238920000000,-78.000000000781228,52.675147027364616
810,FWS 69_8_2_na,60205.208561153377000,11915337.761725321000000,-78.000000000743299,52.938447799023287
811,FWS 69_8_1_na,60280.549016630532000,11930404.820910523000000,-78.000000000602668,53.201749013351844
812,FWS 69_9_1_na,58614.236340046518000,11597141.654980512000000,-71.773334290352182,54.500001909834573
813,FWS 69_9_2_na,59041.634447075819000,11682618.723050155000000,-71.324999880526789,54.500001913562585
814,FWS 69_9_3_na,59041.879432621383000,11682671.800372964000000,-70.875000034099727,54.500001914551675
815,FWS 69_9_4_na,59041.879613275865000,11682671.217550904000000,-70.424999267456030,54.500001914569431
816,FWS 69_9_5_na,58613.995179578553000,11597095.900904952000000,-69.976664579560264,54.500001913943578
817,FWS 69_9_6_na,59469.519459048308000,11768196.584218770000000,-69.526664748801650,54.500001914257219
818,FWS 69_9_7_na,58614.240296792086000,11597143.543837942000000,-69.076664007933061,54.500001914613669
819,FWS 69_9_8_na,58399.681649859784000,11554230.479507651000000,-68.630828868144562,54.500001914213854
820,FWS 69_9_9_na,59041.630996563341000,11682618.498902284000000,-68.183329582678596,54.500001914247946
821,FWS 69_9_10_na,57970.817429237439000,11468457.688718183000000,-67.737500379197968,54.500001909376351
822,FWS 69_10_1_na,59461.290261918701000,11766552.279872514000000,-77.501664926036099,55.333330156999935
823,FWS 69_10_2_na,58205.271129024899000,11515347.484327583000000,-77.043334961457546,55.333330161706726
824,FWS 69_10_3_na,58834.476833991474000,11641189.989468927000000,-76.587499618607112,55.333330162104978
825,FWS 69_10_4_na,58833.278841398132000,11640950.167743620000000,-76.129164707514832,55.333330162249943
826,FWS 69_10_5_na,58205.274380388815000,11515349.651158720000000,-75.673334174468408,55.333330161250309
827,FWS 69_10_6_na,59462.487753360030000,11766792.033639479000000,-75.214999230629090,55.333330162399420
828,FWS 69_10_7_na,57786.922464436488000,11431679.190272382000000,-74.758329415103503,55.333330161929915
829,FWS 69_10_8_na,59879.642223646770000,11850224.318466242000000,-74.299999261815529,55.333330162516432
830,FWS 69_10_9_na,58834.480677073581000,11641193.003076112000000,-73.837499653257524,55.333330162104815
831,FWS 69_10_10_na,58833.282779917179000,11640950.993575126000000,-73.379164947804028,55.333330157018281
832,FWS 69_11_1_na,59548.854999500567000,11784067.633312855000000,-74.000000000324505,52.525393526583137
833,FWS 69_11_2_na,59581.812553516502000,11790659.144588348000000,-74.000000000588415,52.785894489271122
834,FWS 69_11_3_na,59612.423914203733000,11796780.947893964000000,-74.000000000505295,53.046395461142446
835,FWS 69_11_4_na,59644.096996715176000,11803115.564636715000000,-74.000000000023576,53.306896451785867
836,FWS 69_11_5_na,59673.402857826295000,11808975.354274485000000,-74.000000000247653,53.567397441438054
837,FWS 69_11_6_na,59703.752369542963000,11815045.256074062000000,-74.000000000307523,53.827898467620166
838,FWS 69_11_7_na,59731.712465845834000,11820638.659031184000000,-74.000000000531784,54.088399483025754
839,FWS 69_11_8_na,59760.696768722308000,11826435.990303017000000,-74.000000000819682,54.348900527002762
840,FWS 69_11_9_na,59787.268176201724000,11831748.886734048000000,-74.000000000752621,54.609401565455947
841,FWS 69_11_10_na,59814.842898251882000,11837261.973802699000000,-74.000000000714408,54.869902641745142
842,FWS 69_12_1_na,59537.370621000751000,11781768.530798636000000,-73.000000000529269,52.130477576193648
843,FWS 69_12_2_na,59570.466931276504000,11788389.165291404000000,-73.000000000517232,52.391148281496875
844,FWS 69_12_3_na,59602.937843024090000,11794883.347660424000000,-73.000000000624951,52.651818983294106
845,FWS 69_12_4_na,59634.774320138968000,11801249.268337026000000,-73.000000000632141,52.912489712305430
846,FWS 69_12_5_na,59665.966995425828000,11807489.178178780000000,-73.000000000901466,53.173160453532432
847,FWS 69_12_6_na,59696.506214059344000,11813598.888647113000000,-73.000000000888278,53.433831198889315
848,FWS 69_12_7_na,59726.382151997866000,11819574.077195620000000,-73.000000000618328,53.694501956591054
849,FWS 69_12_8_na,59755.584469470610000,11825413.164010238000000,-73.000000000505295,53.955172729270046
850,FWS 69_12_9_na,59784.102605004358000,11831117.282626405000000,-73.000000000660989,54.215843524824322
851,FWS 69_12_10_na,59805.925824636026000,11835481.435529452000000,-73.000000000721442,54.476500931592909
852,FWS 70_1_1_na,59836.191997426606000,11841533.086407777000000,-64.794149266581030,50.333299637256424
853,FWS 70_1_2_na,59821.804314591303000,11838655.780479010000000,-64.382498740924433,50.333299641244643
854,FWS 70_1_3_na,59835.916631846529000,11841477.925181262000000,-63.970849033166068,50.333299641552316
855,FWS 70_1_4_na,59835.916641078227000,11841477.785249431000000,-63.559149741466612,50.333299641499423
856,FWS 70_1_5_na,59821.804410870172000,11838649.598091699000000,-63.147499994024948,50.333299640715765
857,FWS 70_1_6_na,59836.191597765021000,11841533.315300979000000,-62.735849408313371,50.333299641435367
858,FWS 70_1_7_na,59835.920369579908000,11841478.591284845000000,-62.324149150368093,50.333299641454119
859,FWS 70_1_8_na,59821.808120007889000,11838655.856231920000000,-61.912499464574225,50.333299641406143
860,FWS 70_1_9_na,59835.920527805552000,11841480.218696358000000,-61.500849742943117,50.333299641180275
861,FWS 70_1_10_na,59836.191971773667000,11841534.045593241000000,-61.089149669139232,50.333299637162682
862,FWS 70_2_1_na,59378.275589008648000,11749950.459122205000000,-66.021649215397915,51.833299637747970
863,FWS 70_2_2_na,59378.275651647287000,11749949.431449881000000,-65.598349594434751,51.833299641930125
864,FWS 70_2_3_na,59392.155987083941000,11752725.078294765000000,-65.174999257380904,51.833299642244633
865,FWS 70_2_4_na,59378.275794066016000,11749951.751893923000000,-64.751648931445530,51.833299642314252
866,FWS 70_2_5_na,59378.271783917517000,11749951.320746588000000,-64.328349113348750,51.833299642411902
867,FWS 70_2_6_na,59391.890085374893000,11752672.686380960000000,-63.904999729149239,51.833299642583803
868,FWS 70_2_7_na,59378.271810365302000,11749951.278084930000000,-63.481650354237274,51.833299642350532
869,FWS 70_2_8_na,59378.537214503274000,11749999.461790677000000,-63.058349604865455,51.833299641286480
870,FWS 70_2_9_na,59391.893712542595000,11752673.057789771000000,-62.634999292574598,51.833299642126512
871,FWS 70_2_10_na,59378.275505165700000,11749949.717424607000000,-62.211650098353807,51.833299637862154
872,FWS 70_3_1_na,60947.315386344366000,12063756.646070955000000,-64.043054419485344,49.750001907495218
873,FWS 70_3_2_na,60947.040349547307000,12063702.734864084000000,-63.629164699473016,49.750001911689324
874,FWS 70_3_3_na,60947.315420395935000,12063758.289321810000000,-63.215274969515292,49.750001907369771
875,FWS 70_3_4_na,60242.240235819074000,11922743.218950910000000,-63.433334195749204,49.500001907216451
876,FWS 70_3_5_na,60242.243762883409000,11922743.538261866000000,-63.026664734057121,49.500001910737971
877,FWS 70_3_6_na,60240.860567476520000,11922467.088309258000000,-62.620000069288110,49.500001907411473
878,FWS 70_3_7_na,60414.134136908171000,11957119.740575926000000,-62.510939470562192,49.166669845448233
879,FWS 70_3_8_na,60526.750995132374000,11979644.808123950000000,-62.105774939418318,49.166669848372528
880,FWS 70_3_9_na,30924.658885560719000,6059226.741746626800000,-61.801499419040631,49.166669842919951